"Date","Price","Open","High","Low","Vol.","Change %"
"Sep 28, 2021","1","1","1","1","0.30K","-100.00%"
"Sep 27, 2021","840,630","841,000","841,000","840,000","0.02K","-0.71%"
"Sep 24, 2021","846,600","840,000","849,000","840,000","0.74K","0.59%"
"Sep 23, 2021","841,670","849,000","849,000","840,000","20.03K","-0.98%"
"Sep 22, 2021","850,000","850,000","850,000","850,000","0.04K","1.76%"
"Sep 21, 2021","835,270","849,000","849,000","750,000","0.77K","-1.50%"
"Sep 20, 2021","848,000","848,000","848,000","848,000","0.05K","0.00%"
"Sep 17, 2021","847,990","848,000","848,000","847,990","0.01K","1.07%"
"Sep 16, 2021","839,000","839,000","839,000","839,000","2.62K","-1.29%"
"Sep 15, 2021","849,990","850,000","850,000","839,000","4.10K","-0.00%"
"Sep 14, 2021","850,000","850,000","850,000","850,000","0.21K","0.00%"
"Sep 13, 2021","850,000","850,000","850,000","850,000","0.10K","0.93%"
"Sep 10, 2021","842,160","840,000","850,000","840,000","0.05K","0.26%"
"Sep 09, 2021","840,000","840,000","840,000","840,000","0.01K","-1.57%"
"Sep 08, 2021","853,410","885,000","885,000","850,000","0.57K","0.40%"
"Sep 07, 2021","850,000","850,000","850,000","850,000","0.09K","-6.00%"
"Sep 06, 2021","904,230","905,000","905,000","904,000","0.01K","1.52%"
"Sep 03, 2021","890,710","905,000","905,000","890,000","0.11K","-1.11%"
"Sep 02, 2021","900,730","900,000","905,000","900,000","0.48K","0.08%"
"Sep 01, 2021","900,000","900,000","900,000","900,000","0.07K","1.98%"
"Aug 31, 2021","882,560","880,000","900,000","880,000","1.49K","-0.85%"
"Aug 30, 2021","890,100","890,000","900,000","890,000","1.46K","0.01%"
"Aug 27, 2021","890,000","890,000","890,000","890,000","0.55K","0.08%"
"Aug 26, 2021","889,270","885,000","890,000","885,000","22.64K","1.73%"
"Aug 25, 2021","874,160","870,000","885,000","870,000","2.58K","-0.28%"
"Aug 24, 2021","876,580","870,000","880,000","870,000","0.79K","0.76%"
"Aug 23, 2021","870,000","870,000","870,000","870,000","0.26K","-0.39%"
"Aug 20, 2021","873,380","849,990","875,000","849,990","1.68K","2.75%"
"Aug 19, 2021","850,000","850,000","850,000","850,000","0.02K","6.82%"
"Aug 18, 2021","795,720","770,000","850,000","770,000","8.61K","5.21%"
"Aug 17, 2021","756,300","750,000","765,000","750,000","3.43K","2.96%"
"Aug 16, 2021","734,550","729,990","755,000","729,990","11.33K","0.62%"
"Aug 13, 2021","729,990","729,990","729,990","729,980","0.80K","0.92%"
"Aug 12, 2021","723,330","724,990","725,000","720,000","0.75K","-0.06%"
"Aug 11, 2021","723,780","719,990","730,000","719,990","5.55K","2.83%"
"Aug 10, 2021","703,860","699,940","720,000","699,000","5.60K","1.81%"
"Aug 09, 2021","691,360","699,950","699,950","690,000","2.28K","-1.23%"
"Aug 06, 2021","699,990","699,990","699,990","699,980","6.86K","0.00%"
"Aug 05, 2021","699,960","699,950","699,980","699,950","0.68K","0.00%"
"Aug 04, 2021","699,960","699,960","699,960","699,960","0.25K","0.30%"
"Aug 03, 2021","697,890","699,990","699,990","689,900","1.55K","1.21%"
"Aug 02, 2021","689,570","690,000","690,000","689,000","10.03K","11.82%"
"Jul 29, 2021","616,670","600,000","699,990","600,000","0.75K","-11.27%"
"Jul 28, 2021","695,000","695,000","695,000","695,000","1.09K","-0.59%"
"Jul 27, 2021","699,160","695,000","699,990","695,000","28.24K","0.60%"
"Jul 26, 2021","694,990","694,990","694,990","694,990","0.13K","-0.71%"
"Jul 23, 2021","699,990","699,990","699,990","699,990","0.45K","13.20%"
"Jul 22, 2021","618,360","599,990","699,990","599,990","1.23K","-10.38%"
"Jul 21, 2021","690,000","690,000","690,000","690,000","1.00K","-1.43%"
"Jul 20, 2021","700,000","700,000","700,000","700,000","0.03K","-0.01%"
"Jul 19, 2021","700,080","720,000","720,000","700,000","1.00K","-1.97%"
"Jul 16, 2021","714,170","713,990","720,000","713,500","4.89K","0.03%"
"Jul 15, 2021","713,990","713,990","713,990","713,980","0.26K","0.20%"
"Jul 14, 2021","712,600","714,000","714,000","712,000","0.10K","-0.18%"
"Jul 13, 2021","713,910","714,000","714,000","713,900","0.11K","0.09%"
"Jul 12, 2021","713,290","714,000","714,000","712,990","0.05K","1.08%"
"Jul 09, 2021","705,700","690,000","714,000","655,000","7.04K","0.85%"
"Jul 08, 2021","699,740","699,990","699,990","699,000","0.07K","-3.57%"
"Jul 07, 2021","725,650","733,950","733,950","710,000","0.06K","-1.90%"
"Jul 06, 2021","739,710","739,990","739,990","739,000","0.71K","2.83%"
"Jul 02, 2021","719,320","700,000","739,990","700,000","8.81K","4.21%"
"Jul 01, 2021","690,260","665,000","700,000","665,000","7.60K","8.90%"
"Jun 30, 2021","633,860","620,000","661,000","620,000","5.79K","2.24%"
"Jun 29, 2021","620,000","620,000","620,000","620,000","4.48K","19.53%"
"Jun 18, 2021","518,680","506,000","520,000","506,000","6.44K","2.51%"
"Jun 16, 2021","506,000","506,000","506,000","506,000","0.02K","-0.22%"
"Jun 15, 2021","507,130","620,000","620,000","506,000","0.10K","-18.70%"
"Jun 10, 2021","623,770","618,000","629,990","618,000","0.51K","-0.92%"
"Jun 09, 2021","629,560","630,000","630,000","625,000","2.72K","13.30%"
"Jun 08, 2021","555,660","600,000","630,000","539,000","5.78K","-11.80%"
"Jun 07, 2021","630,000","630,000","630,000","630,000","0.00K","17.10%"
"Jun 04, 2021","538,000","538,000","538,000","538,000","4.39K","-0.00%"
"Jun 03, 2021","538,020","538,900","538,900","538,000","1.03K","-0.18%"
"Jun 01, 2021","539,000","539,000","539,000","539,000","1.01K","0.00%"
"May 31, 2021","539,000","539,000","539,000","539,000","0.26K","0.00%"
"May 28, 2021","539,000","539,000","539,000","539,000","0.18K","-0.19%"
"May 27, 2021","540,000","540,000","540,000","540,000","0.27K","-2.61%"
"May 26, 2021","554,450","595,000","595,000","550,000","1.46K","-8.34%"
"May 25, 2021","604,890","610,000","610,000","600,000","6.64K","0.18%"
"May 21, 2021","603,830","600,000","630,000","600,000","10.32K","-0.12%"
"May 20, 2021","604,550","650,000","650,000","600,000","0.01K","-4.06%"
"May 19, 2021","630,130","650,000","650,000","630,000","0.45K","-1.81%"
"May 18, 2021","641,750","620,000","650,000","620,000","0.28K","2.61%"
"May 17, 2021","625,450","680,000","680,000","620,000","0.01K","-2.91%"
"May 14, 2021","644,190","650,000","650,000","640,000","0.06K","-0.89%"
"May 13, 2021","650,000","650,000","650,000","650,000","0.11K","3.73%"
"May 12, 2021","626,640","625,000","650,000","625,000","9.39K","4.44%"
"May 11, 2021","600,000","600,000","600,000","600,000","24.33K","-13.04%"
"May 10, 2021","689,960","700,000","700,000","685,000","1.24K","-1.99%"
"May 07, 2021","704,000","719,990","719,990","700,000","30.49K","17.27%"
"May 06, 2021","600,330","600,000","700,000","600,000","24.31K","0.06%"
"May 05, 2021","600,000","600,000","600,000","600,000","0.58K","2.75%"
"May 04, 2021","583,930","590,000","590,000","580,000","0.01K","6.17%"
"May 03, 2021","550,000","550,000","550,000","550,000","0.56K","-5.31%"
"Apr 30, 2021","580,830","600,000","600,000","579,990","0.53K","0.14%"
"Apr 29, 2021","579,990","579,990","579,990","579,990","0.22K","13.99%"
"Apr 28, 2021","508,830","505,000","600,000","500,000","7.52K","1.59%"
"Apr 27, 2021","500,890","485,000","520,000","485,000","6.76K","6.74%"
"Apr 26, 2021","469,270","467,990","485,000","467,990","0.92K","6.66%"
"Apr 23, 2021","439,960","430,000","467,990","430,000","2.76K","4.47%"
"Apr 22, 2021","421,140","420,000","430,000","420,000","1.36K","0.49%"
"Apr 21, 2021","419,080","430,000","430,000","415,000","3.82K","5.78%"
"Apr 20, 2021","396,170","390,000","419,990","390,000","1.77K","3.50%"
"Apr 16, 2021","382,760","380,000","390,000","380,000","1.21K","2.07%"
"Apr 15, 2021","375,000","375,000","375,000","375,000","2.20K","1.35%"
"Apr 14, 2021","370,000","370,000","370,000","370,000","5.95K","0.00%"
"Apr 13, 2021","370,000","370,000","370,000","370,000","0.00K","0.00%"
"Apr 12, 2021","370,000","370,000","370,000","370,000","1.98K","1.75%"
"Apr 09, 2021","363,630","360,000","370,000","360,000","2.37K","6.89%"
"Apr 08, 2021","340,190","330,000","350,000","330,000","3.79K","6.34%"
"Apr 07, 2021","319,920","315,000","325,000","315,000","2.37K","3.80%"
"Apr 06, 2021","308,210","305,000","310,000","305,000","3.74K","1.05%"
"Apr 05, 2021","305,000","305,000","305,000","305,000","22.56K","0.00%"
"Mar 31, 2021","305,000","305,000","305,000","305,000","0.15K","1.67%"
"Mar 29, 2021","300,000","300,000","300,000","300,000","3.19K","2.92%"
"Mar 26, 2021","291,500","280,000","300,000","280,000","6.09K","4.11%"
"Mar 25, 2021","280,000","280,000","280,000","280,000","0.01K","3.10%"
"Mar 24, 2021","271,570","275,000","275,000","270,000","3.96K","0.79%"
"Mar 23, 2021","269,440","269,000","270,000","269,000","1.37K","7.21%"
"Mar 22, 2021","251,320","245,000","254,000","245,000","3.78K","4.28%"
"Mar 18, 2021","241,000","240,000","245,000","240,000","5.01K","1.12%"
"Mar 17, 2021","238,320","234,000","242,000","234,000","5.39K","3.10%"
"Mar 16, 2021","231,150","230,000","232,000","230,000","2.60K","2.43%"
"Mar 15, 2021","225,660","230,000","230,000","225,000","1.96K","2.58%"
"Mar 12, 2021","219,980","218,000","222,000","218,000","1.68K","7.83%"
"Mar 11, 2021","204,000","200,000","210,000","200,000","2.50K","7.37%"
"Mar 08, 2021","190,000","190,000","190,000","190,000","1.67K","0.00%"
"Mar 05, 2021","190,000","190,000","190,000","190,000","2.91K","0.00%"
"Mar 03, 2021","190,000","190,000","190,000","190,000","0.00K","2.29%"
"Mar 02, 2021","185,740","183,000","190,000","183,000","41.60K","1.60%"
"Mar 01, 2021","182,810","182,000","183,000","182,000","2.69K","0.15%"
"Feb 26, 2021","182,540","182,000","183,000","182,000","2.18K","0.30%"
"Feb 25, 2021","182,000","182,000","182,000","182,000","0.21K","0.00%"
"Feb 24, 2021","182,000","182,000","182,000","182,000","9.97K","0.47%"
"Feb 23, 2021","181,150","181,000","182,000","181,000","2.68K","0.96%"
"Feb 22, 2021","179,430","178,000","181,000","177,000","11.72K","1.99%"
"Feb 19, 2021","175,930","174,990","177,000","174,990","9.03K","1.11%"
"Feb 18, 2021","174,000","173,990","174,000","173,990","4.68K","0.01%"
"Feb 17, 2021","173,990","174,000","174,000","173,990","1.24K","2.27%"
"Feb 12, 2021","170,130","170,000","173,990","170,000","0.90K","-1.69%"
"Feb 11, 2021","173,060","174,000","174,000","172,000","17.01K","-0.54%"
"Feb 10, 2021","174,000","174,000","174,000","174,000","0.01K","0.01%"
"Feb 09, 2021","173,980","173,980","174,000","173,950","0.95K","0.00%"
"Feb 08, 2021","173,980","173,980","174,000","173,980","1.97K","4.81%"
"Feb 05, 2021","166,000","166,000","166,000","166,000","0.05K","-2.62%"
"Feb 04, 2021","170,470","160,000","173,990","160,000","0.83K","32.72%"
"Feb 03, 2021","128,440","125,500","148,800","125,500","7.11K","4.55%"
"Feb 02, 2021","122,850","121,990","124,000","121,990","7.96K","1.98%"
"Feb 01, 2021","120,470","120,000","122,000","120,000","4.30K","3.61%"
"Jan 29, 2021","116,270","115,000","118,000","115,000","15.25K","1.54%"
"Jan 28, 2021","114,510","114,000","115,000","114,000","3.90K","0.45%"
"Jan 27, 2021","114,000","114,000","114,000","114,000","0.43K","0.55%"
"Jan 26, 2021","113,380","113,000","114,000","113,000","8.98K","0.35%"
"Jan 22, 2021","112,990","112,990","112,990","112,990","0.01K","-0.01%"
"Jan 21, 2021","113,000","113,000","113,000","113,000","0.01K","2.29%"
"Jan 20, 2021","110,470","110,000","113,000","110,000","5.88K","0.37%"
"Jan 19, 2021","110,060","110,000","110,500","110,000","1.09K","0.05%"
"Jan 15, 2021","110,000","110,000","110,000","110,000","0.01K","0.00%"
"Jan 14, 2021","110,000","110,000","110,000","110,000","0.02K","-0.24%"
"Jan 13, 2021","110,270","110,000","113,000","110,000","0.46K","-2.42%"
"Jan 12, 2021","113,000","113,000","113,000","113,000","2.44K","0.00%"
"Jan 08, 2021","113,000","113,000","113,000","113,000","0.62K","2.62%"
"Jan 07, 2021","110,120","108,500","113,000","108,500","28.21K","1.96%"
"Jan 06, 2021","108,000","108,000","108,000","108,000","0.35K","-0.46%"
"Jan 05, 2021","108,500","108,500","108,500","108,500","1.80K","0.00%"
"Dec 30, 2020","108,500","108,500","108,500","108,500","0.03K","0.12%"
"Dec 29, 2020","108,370","108,300","108,500","108,300","2.83K","0.06%"
"Dec 28, 2020","108,300","108,300","108,300","108,300","0.00K","0.01%"
"Dec 22, 2020","108,290","108,200","108,300","108,200","2.15K","0.24%"
"Dec 21, 2020","108,030","108,000","108,300","108,000","2.79K","0.96%"
"Dec 18, 2020","107,000","108,000","108,000","105,000","0.96K","98,983.25%"
"Dec 17, 2020","108","108","108","108","0.15K","2.67%"
"Dec 16, 2020","105","108","108","105","5.28K","-2.61%"
"Dec 15, 2020","108","108","108","108","0.83K","-1.13%"
"Dec 11, 2020","109","110","110","105","0.03K","-0.70%"
"Dec 10, 2020","110","110","110","110","0.02K","-1.04%"
"Dec 09, 2020","111","112","112","110","2.39K","2.72%"
"Dec 08, 2020","108","104","112","104","1.70K","-8.64%"
"Dec 07, 2020","118","120","120","104","5.32K","39.23%"
"Dec 04, 2020","85","58","120","58","22.03K","69.48%"
"Dec 03, 2020","50","43","58","43","0.02K","24.97%"
"Dec 02, 2020","40","40","40","40","15.56K","-99.88%"
"Nov 27, 2020","33,500","33,500","33,500","33,500","0.28K","0.00%"
"Nov 26, 2020","33,500","33,500","33,500","33,500","0.01K","12.42%"
"Nov 25, 2020","29,800","29,800","29,800","29,800","0.01K","2.95%"
"Nov 24, 2020","28,945","28,100","29,800","28,100","28.69K","3.38%"
"Nov 20, 2020","27,999","27,900","28,000","27,900","2.80K","0.36%"
"Nov 19, 2020","27,900","27,900","27,900","27,900","0.33K","0.48%"
"Nov 18, 2020","27,767","27,700","27,900","27,700","1.06K","0.42%"
"Nov 16, 2020","27,650","27,650","27,650","27,650","0.69K","0.00%"
"Nov 12, 2020","27,650","27,650","27,650","27,650","0.02K","1.43%"
"Nov 09, 2020","27,261","27,250","27,650","27,250","0.53K","-1.23%"
"Nov 05, 2020","27,600","27,600","27,600","27,600","0.36K","0.18%"
"Nov 03, 2020","27,550","27,550","27,550","27,550","1.59K","0.00%"
"Nov 02, 2020","27,550","27,550","27,550","27,550","0.00K","0.00%"
"Oct 30, 2020","27,550","27,550","27,550","27,550","0.05K","0.19%"
"Oct 29, 2020","27,497","27,450","27,550","27,450","0.74K","1.84%"
"Oct 27, 2020","27,000","27,000","27,000","27,000","0.01K","0.00%"
"Oct 23, 2020","27,000","27,000","27,000","27,000","7.32K","0.00%"
"Oct 21, 2020","27,000","27,000","27,000","27,000","0.25K","0.00%"
"Oct 20, 2020","27,000","27,000","27,000","27,000","1.00K","-0.92%"
"Oct 19, 2020","27,250","27,250","27,250","27,250","1.99K","0.93%"
"Oct 16, 2020","27,000","27,000","27,000","27,000","0.50K","-1.15%"
"Oct 15, 2020","27,314","27,350","27,450","27,000","9.17K","-0.13%"
"Oct 09, 2020","27,350","27,350","27,350","27,350","32.65K","0.21%"
"Oct 08, 2020","27,292","27,200","27,350","27,200","4.34K","0.71%"
"Oct 07, 2020","27,100","27,100","27,100","27,100","1.66K","0.00%"
"Oct 06, 2020","27,100","27,100","27,100","27,100","0.00K","0.00%"
"Oct 05, 2020","27,100","27,100","27,100","27,100","4.81K","0.00%"
"Oct 02, 2020","27,100","27,100","27,100","27,100","0.07K","0.00%"
"Oct 01, 2020","27,100","23,001","27,100","27,100","0.03K","0.45%"
"Sep 29, 2020","26,978","27,100","27,100","26,900","23.39K","-0.08%"
"Sep 28, 2020","27,000","27,000","27,000","27,000","0.05K","-2.84%"
"Sep 23, 2020","27,790","27,790","27,790","27,790","1.05K","0.00%"
"Sep 22, 2020","27,790","27,790","27,790","27,790","0.40K","-0.75%"
"Sep 18, 2020","27,999","27,999","27,999","27,999","0.22K","1.81%"
"Sep 16, 2020","27,502","27,000","28,000","27,000","0.20K","1.86%"
"Sep 15, 2020","27,000","27,000","27,000","27,000","0.03K","3.55%"
"Sep 11, 2020","26,075","28,000","28,000","22,800","13.35K","-6.88%"
"Sep 10, 2020","28,000","28,000","28,000","28,000","0.37K","0.00%"
"Sep 08, 2020","28,000","28,000","28,000","28,000","0.03K","-0.15%"
"Sep 07, 2020","28,043","28,490","28,490","28,000","0.03K","-1.60%"
"Sep 04, 2020","28,499","28,499","28,499","28,499","0.05K","-0.00%"
"Sep 02, 2020","28,500","28,500","28,500","28,500","0.22K","1.79%"
"Sep 01, 2020","28,000","28,000","28,000","28,000","0.02K","-6.67%"
"Aug 31, 2020","30,000","30,000","30,000","30,000","0.03K","0.00%"
"Aug 26, 2020","30,000","30,000","30,000","30,000","0.03K","8.40%"
"Aug 25, 2020","27,675","27,000","30,000","27,000","5.69K","-3.74%"
"Aug 24, 2020","28,751","29,000","29,000","28,500","2.21K","2.05%"
"Aug 21, 2020","28,173","28,000","28,500","28,000","0.21K","2.52%"
"Aug 20, 2020","27,481","27,000","28,000","27,000","3.87K","6.62%"
"Aug 19, 2020","25,775","25,000","26,500","25,000","18.11K","6.71%"
"Aug 18, 2020","24,155","24,000","25,000","24,000","1.74K","3.72%"
"Aug 17, 2020","23,289","22,500","24,100","22,500","3.15K","9.11%"
"Aug 14, 2020","21,344","21,000","21,700","21,000","0.47K","4.21%"
"Aug 13, 2020","20,481","20,300","20,500","20,300","2.21K","0.89%"
"Aug 12, 2020","20,300","20,300","20,300","20,300","0.04K","12.78%"
"Aug 10, 2020","18,000","18,000","18,000","18,000","0.59K","0.59%"
"Aug 07, 2020","17,895","17,800","18,000","17,800","0.80K","2.84%"
"Aug 06, 2020","17,400","17,400","17,400","17,400","0.50K","1.31%"
"Aug 03, 2020","17,176","17,000","17,400","17,000","18.64K","1.03%"
"Jul 31, 2020","17,000","17,000","17,000","17,000","0.01K","3.68%"
"Jul 30, 2020","16,397","16,200","16,600","16,200","3.41M","5.78%"
"Jul 29, 2020","15,501","15,500","16,200","15,500","3.38K","0.01%"
"Jul 28, 2020","15,500","15,500","15,500","15,500","0.00K","0.00%"
"Jul 23, 2020","15,500","15,500","15,500","15,500","6.45K","3.46%"
"Jul 22, 2020","14,982","14,800","15,000","14,800","5.74K","3.26%"
"Jul 21, 2020","14,509","14,150","14,800","14,000","18.22K","2.17%"
"Jul 20, 2020","14,200","14,200","14,200","14,200","3.19K","1.43%"
"Jul 17, 2020","14,000","14,000","14,000","14,000","0.15K","0.00%"
"Jul 16, 2020","14,000","14,001","14,001","14,000","3.36K","0.01%"
"Jul 15, 2020","13,999","14,000","14,000","13,999","0.35K","-1.41%"
"Jul 14, 2020","14,200","14,200","14,200","14,200","0.26K","14.59%"
"Jul 10, 2020","12,392","14,200","14,200","12,000","1.20K","-8.20%"
"Jul 09, 2020","13,500","13,500","13,500","13,500","50.00K","-3.93%"
"Jul 08, 2020","14,053","14,200","14,200","13,550","1.32K","-1.04%"
"Jul 07, 2020","14,200","14,200","14,200","14,200","3.02K","5.19%"
"Jul 06, 2020","13,500","13,500","14,000","13,500","103.97K","-5.59%"
"Jul 01, 2020","14,300","14,300","14,300","14,300","0.39K","2.12%"
"Jun 30, 2020","14,004","14,000","14,485","14,000","4.79K","1.95%"
"Jun 26, 2020","13,736","14,000","14,000","13,500","2.37K","4.06%"
"Jun 25, 2020","13,200","14,000","14,000","13,200","1.77K","0.14%"
"Jun 23, 2020","13,182","14,600","14,600","13,000","3.22K","1.40%"
"Jun 22, 2020","13,000","13,000","13,000","13,000","1.00K","-0.42%"
"Jun 19, 2020","13,055","14,495","14,495","13,000","1.14K","-6.18%"
"Jun 18, 2020","13,914","14,500","14,500","13,000","11.10K","-4.03%"
"Jun 17, 2020","14,498","14,500","14,500","14,497","1.31K","9.37%"
"Jun 16, 2020","13,256","13,500","13,500","13,000","0.21K","6.05%"
"Jun 12, 2020","12,500","12,500","12,500","12,500","1.47K","-3.85%"
"Jun 11, 2020","13,000","13,000","13,000","13,000","4.96K","-6.42%"
"Jun 10, 2020","13,892","14,000","14,000","13,500","4.17K","-4.85%"
"Jun 09, 2020","14,600","14,600","14,600","14,600","6.63K","0.69%"
"Jun 08, 2020","14,500","14,500","14,500","14,500","0.46K","0.69%"
"Jun 05, 2020","14,400","14,400","14,400","14,400","6.67K","1.41%"
"Jun 04, 2020","14,200","14,200","14,200","14,200","6.34K","0.00%"
"Jun 03, 2020","14,200","14,200","14,200","14,200","1.00K","3.62%"
"Jun 02, 2020","13,704","13,700","13,800","13,700","7.66K","0.13%"
"Jun 01, 2020","13,687","12,000","13,700","12,000","51.28K","0.88%"
"May 29, 2020","13,568","13,000","13,700","13,000","9.03K","4.37%"
"May 26, 2020","13,000","13,000","13,000","13,000","0.01K","-3.71%"
"May 22, 2020","13,501","13,500","13,699","13,500","3.07K","0.01%"
"May 19, 2020","13,500","13,500","13,500","13,500","7.24K","7.58%"
"May 18, 2020","12,549","12,500","13,500","12,500","4.30K","-7.00%"
"May 15, 2020","13,494","13,494","13,494","13,494","0.05K","3.80%"
"May 14, 2020","13,000","13,000","13,000","13,000","0.10K","7.44%"
"May 12, 2020","12,100","12,100","12,100","12,100","0.70K","0.16%"
"May 11, 2020","12,081","15,200","15,200","12,000","2.14K","-19.91%"
"May 08, 2020","15,083","15,200","15,200","14,500","0.12K","1.83%"
"May 07, 2020","14,813","15,000","15,000","14,500","0.60K","-2.55%"
"May 06, 2020","15,200","15,200","15,200","15,200","0.25K","0.00%"
"May 05, 2020","15,200","15,200","15,200","15,200","6.24K","0.00%"
"May 04, 2020","15,200","15,200","15,200","15,200","0.04K","0.66%"
"Apr 30, 2020","15,100","15,200","15,200","15,100","2.00K","0.67%"
"Apr 29, 2020","15,000","15,000","15,100","15,000","16.00K","-0.66%"
"Apr 28, 2020","15,100","15,099","15,100","15,099","5.50K","-0.64%"
"Apr 27, 2020","15,198","15,198","15,198","15,198","0.00K","-0.01%"
"Apr 23, 2020","15,200","15,200","15,200","15,200","0.30K","12.60%"
"Apr 22, 2020","13,499","12,840","15,000","12,000","0.43K","41.74%"
"Apr 21, 2020","9,524","9,500","10,700","9,500","2.43K","19.03%"
"Apr 20, 2020","8,001","8,005","9,000","8,000","50.04K","7.90%"
"Apr 17, 2020","7,416","7,400","7,505","7,400","1.14K","0.21%"
"Apr 16, 2020","7,400","7,400","7,400","7,400","4.80K","0.00%"
"Apr 15, 2020","7,400","7,400","7,400","7,400","0.05K","0.00%"
"Apr 14, 2020","7,400","7,400","7,400","7,400","68.33K","2.12%"
"Apr 08, 2020","7,247","7,100","7,400","7,100","13.70K","6.57%"
"Apr 07, 2020","6,800","6,800","6,800","6,800","2.50K","2.30%"
"Apr 06, 2020","6,647","6,500","6,800","6,500","14.89K","2.26%"
"Apr 03, 2020","6,500","6,500","6,500","6,500","0.02K","6.94%"
"Apr 02, 2020","6,078","5,900","6,200","5,900","30.90K","4.85%"
"Apr 01, 2020","5,797","5,700","5,800","5,700","21.19K","3.06%"
"Mar 31, 2020","5,625","5,500","5,700","5,500","16.05K","17.63%"
"Mar 30, 2020","4,782","4,780","5,500","4,780","2.01K","-0.37%"
"Mar 13, 2020","4,800","4,800","4,800","4,800","0.02K","-1.50%"
"Mar 12, 2020","4,873","4,900","4,900","4,800","1.25K","-0.34%"
"Mar 11, 2020","4,890","4,890","4,890","4,890","0.02K","17.45%"
"Mar 05, 2020","4,164","4,162","4,900","4,160","1.00K","-19.78%"
"Mar 04, 2020","5,190","5,190","5,190","5,190","0.20K","17.95%"
"Mar 03, 2020","4,400","4,400","4,400","4,400","1.00K","-2.64%"
"Mar 02, 2020","4,519","5,559","5,559","4,500","1.02K","-19.29%"
"Feb 28, 2020","5,600","5,600","5,600","5,599","0.01K","4.14%"
"Feb 27, 2020","5,377","5,490","5,490","5,000","0.93K","-2.06%"
"Feb 21, 2020","5,490","5,490","5,490","5,490","0.18K","9.80%"
"Feb 19, 2020","5,000","4,999","5,490","4,999","26.73K","5.37%"
"Feb 18, 2020","4,745","5,499","5,499","4,700","0.11K","0.96%"
"Feb 17, 2020","4,700","4,700","4,700","4,700","0.01K","17.50%"
"Feb 14, 2020","4,000","4,000","4,000","4,000","1.10K","-11.21%"
"Feb 13, 2020","4,505","4,500","4,505","4,500","0.40K","-22.58%"
"Feb 12, 2020","5,819","6,600","6,600","5,600","0.03K","16.79%"
"Feb 11, 2020","4,982","4,600","5,519","4,600","1.44K","14.80%"
"Feb 10, 2020","4,340","4,000","4,599","4,000","0.96K","-3.56%"
"Feb 07, 2020","4,500","4,500","4,500","4,500","0.09K","12.50%"
"Feb 06, 2020","4,000","4,000","4,000","4,000","2.00K","0.00%"
"Feb 05, 2020","4,000","4,000","4,000","4,000","2.13K","-10.76%"
"Feb 04, 2020","4,482","4,500","4,500","4,400","0.04K","12.05%"
"Feb 03, 2020","4,000","4,000","4,000","4,000","0.42K","0.00%"
"Jan 31, 2020","4,000","4,000","4,000","4,000","3.02K","0.00%"
"Jan 28, 2020","4,000","4,000","4,000","4,000","0.15K","0.00%"
"Jan 27, 2020","4,000","4,000","4,000","4,000","0.11K","-0.48%"
"Jan 24, 2020","4,019","4,500","4,500","4,000","0.10K","-8.71%"
"Jan 22, 2020","4,403","4,500","4,500","4,400","0.08K","0.06%"
"Jan 21, 2020","4,400","4,400","4,400","4,400","0.00K","-2.22%"
"Jan 17, 2020","4,500","4,500","4,500","4,500","0.27K","0.00%"
"Jan 16, 2020","4,500","4,500","4,500","4,500","23.96K","9.76%"
"Jan 15, 2020","4,100","4,100","4,100","4,100","1.98K","2.25%"
"Jan 10, 2020","4,010","4,200","4,200","4,000","0.08K","0.24%"
"Jan 09, 2020","4,000","4,000","4,000","4,000","13.45K","-1.96%"
"Jan 08, 2020","4,080","4,080","4,080","4,080","0.50K","0.00%"
"Jan 07, 2020","4,080","4,080","4,080","4,080","15.61K","10.94%"
"Jan 03, 2020","3,678","3,500","3,800","3,500","49.41K","7.76%"
"Dec 30, 2019","3,413","3,300","3,500","3,300","33.69K","9.21%"
"Dec 27, 2019","3,125","3,300","3,300","3,100","4.00K","9.65%"
"Dec 23, 2019","2,850","2,850","2,850","2,850","2.00K","0.00%"
"Dec 20, 2019","2,850","2,850","2,850","2,850","9.50K","3.66%"
"Dec 19, 2019","2,749","2,699","2,750","2,699","11.46K","10.60%"
"Dec 18, 2019","2,486","2,500","2,590","2,331","76.04K","-0.57%"
"Dec 17, 2019","2,500","2,500","2,500","2,500","10.25K","-3.47%"
"Dec 13, 2019","2,590","2,590","2,590","2,590","4.35M","17.64%"
"Dec 12, 2019","2,202","2,200","2,590","2,200","1.46K","0.07%"
"Dec 11, 2019","2,200","2,200","2,200","2,200","0.05K","-5.58%"
"Dec 09, 2019","2,330","2,330","2,699","2,330","67.86K","0.00%"
"Dec 06, 2019","2,330","2,330","2,330","2,330","34.15K","1.30%"
"Dec 05, 2019","2,300","2,300","2,300","2,300","12.10K","0.00%"
"Dec 04, 2019","2,300","2,300","2,300","2,300","2.50K","0.00%"
"Dec 03, 2019","2,300","2,300","2,350","2,300","1.50K","-11.07%"
"Nov 29, 2019","2,586","2,550","2,700","2,350","40.38K","1.47%"
"Nov 28, 2019","2,549","2,549","2,549","2,549","0.26K","8.47%"
"Nov 27, 2019","2,350","2,350","2,350","2,350","0.03K","6.82%"
"Nov 26, 2019","2,200","2,200","2,200","2,200","1.02K","-2.22%"
"Nov 25, 2019","2,250","2,250","2,250","2,250","13.30K","0.11%"
"Nov 22, 2019","2,248","2,250","2,250","2,200","0.11K","-8.93%"
"Nov 20, 2019","2,468","2,450","2,500","2,250","27.58K","9.48%"
"Nov 19, 2019","2,254","2,450","2,450","2,250","0.05K","7.35%"
"Nov 18, 2019","2,100","2,100","2,100","2,100","4.69K","2.49%"
"Nov 15, 2019","2,049","2,049","2,049","2,049","0.42K","-6.84%"
"Nov 14, 2019","2,199","2,279","2,279","2,100","0.27K","4.74%"
"Nov 13, 2019","2,100","2,100","2,100","2,100","6.00K","5.04%"
"Nov 12, 2019","1,999","2,000","2,000","1,900","2.01K","5.23%"
"Nov 11, 2019","1,900","1,900","1,900","1,900","7.49K","0.44%"
"Nov 07, 2019","1,892","1,900","1,900","1,801","5.99K","13.30%"
"Nov 06, 2019","1,670","1,950","1,950","1,550","0.11K","-12.12%"
"Nov 05, 2019","1,900","1,900","1,900","1,900","6.00K","-0.86%"
"Nov 01, 2019","1,916","2,159","2,159","1,900","0.06K","6.47%"
"Oct 30, 2019","1,800","1,800","1,800","1,800","1.00K","-5.26%"
"Oct 29, 2019","1,900","1,900","1,900","1,900","2.00K","0.00%"
"Oct 25, 2019","1,900","1,900","1,900","1,900","9.98K","0.00%"
"Oct 24, 2019","1,900","1,900","1,900","1,900","99.78K","0.00%"
"Oct 23, 2019","1,900","1,899","1,900","1,899","0.93K","-1.46%"
"Oct 16, 2019","1,928","1,940","1,940","1,900","0.04K","-1.14%"
"Oct 14, 2019","1,950","1,950","1,950","1,950","0.01K","2.63%"
"Oct 11, 2019","1,900","1,900","1,900","1,900","0.01K","0.00%"
"Oct 10, 2019","1,900","1,900","1,900","1,900","0.00K","0.00%"
"Oct 09, 2019","1,900","1,900","1,900","1,900","1.51K","0.00%"
"Oct 07, 2019","1,900","1,900","1,900","1,900","0.49K","-6.71%"
"Oct 04, 2019","2,037","2,050","2,050","2,030","0.89K","7.19%"
"Oct 03, 2019","1,900","1,900","1,900","1,900","0.08K","0.00%"
"Oct 02, 2019","1,900","1,900","1,900","1,900","0.22K","-0.57%"
"Sep 30, 2019","1,911","2,030","2,030","1,900","2.41K","-5.88%"
"Sep 25, 2019","2,030","2,047","2,047","2,030","1.02K","-0.97%"
"Sep 24, 2019","2,050","2,050","2,050","2,050","0.01K","0.00%"
"Sep 20, 2019","2,050","2,050","2,050","2,050","0.31K","1.94%"
"Sep 19, 2019","2,011","2,000","2,020","2,000","1.12K","-0.93%"
"Sep 18, 2019","2,030","2,030","2,030","2,030","1.50K","-2.40%"
"Sep 17, 2019","2,080","2,080","2,080","2,080","0.45K","9.47%"
"Sep 13, 2019","1,900","1,900","1,900","1,900","0.02K","-9.52%"
"Sep 12, 2019","2,100","2,100","2,100","2,100","0.02K","0.00%"
"Sep 09, 2019","2,100","2,100","2,100","2,100","0.02K","0.48%"
"Sep 06, 2019","2,090","2,090","2,090","2,090","0.00K","-0.48%"
"Sep 05, 2019","2,100","2,100","2,100","2,100","3.26K","4.60%"
"Sep 04, 2019","2,008","2,000","2,100","2,000","0.55K","-0.12%"
"Sep 03, 2019","2,010","2,000","2,150","2,000","1.10K","0.50%"
"Sep 02, 2019","2,000","2,000","2,000","2,000","1.77K","-6.54%"
"Aug 30, 2019","2,140","2,140","2,140","2,140","0.19K","-0.47%"
"Aug 29, 2019","2,150","2,150","2,150","2,150","1.96K","4.71%"
"Aug 28, 2019","2,053","2,050","2,150","2,050","50.05K","-2.23%"
"Aug 27, 2019","2,100","2,100","2,100","2,100","11.98K","2.44%"
"Aug 26, 2019","2,050","2,050","2,050","2,050","1.15K","1.44%"
"Aug 23, 2019","2,021","2,000","2,050","2,000","1.20K","1.05%"
"Aug 22, 2019","2,000","1,999","2,000","1,999","0.33K","14.61%"
"Aug 20, 2019","1,745","1,440","1,750","1,440","1.27K","24.24%"
"Aug 16, 2019","1,405","1,440","1,440","1,200","0.18K","16.98%"
"Aug 14, 2019","1,201","1,300","1,300","1,200","49.91K","3.16%"
"Aug 13, 2019","1,164","1,450","1,450","1,150","52.44K","-10.46%"
"Aug 09, 2019","1,300","1,300","1,300","1,300","1.05K","3.96%"
"Aug 07, 2019","1,251","1,250","1,300","1,250","1.01K","8.74%"
"Aug 06, 2019","1,150","1,150","1,150","1,150","3.37K","12.18%"
"Aug 05, 2019","1,025","1,000","1,194","1,000","1.76K","-14.15%"
"Aug 01, 2019","1,194","1,194","1,194","1,194","0.00K","20.01%"
"Jul 30, 2019","995","995","995","995","0.20K","18.45%"
"Jul 25, 2019","840","840","840","840","0.41K","16.67%"
"Jul 22, 2019","720","720","720","720","18.52K","2.86%"
"Jul 18, 2019","700","700","700","700","0.06K","0.00%"
"Jul 17, 2019","700","700","700","700","80.91K","0.00%"
"Jul 16, 2019","700","700","700","700","12.47K","-0.27%"
"Jul 15, 2019","702","710","710","700","1.00K","0.27%"
"Jul 11, 2019","700","700","700","700","0.80K","0.00%"
"Jul 10, 2019","700","700","700","700","0.12K","6.89%"
"Jul 09, 2019","655","700","700","650","0.56K","-2.98%"
"Jul 08, 2019","675","675","675","675","7.00K","-3.57%"
"Jul 04, 2019","700","700","700","700","1.96K","0.00%"
"Jul 03, 2019","700","700","700","700","0.00K","7.69%"
"Jul 02, 2019","650","650","650","650","1.00K","-7.14%"
"Jul 01, 2019","700","700","700","700","0.02K","7.69%"
"Jun 28, 2019","650","650","650","650","3.42K","0.00%"
"Jun 27, 2019","650","650","650","650","1.30K","6.56%"
"Jun 26, 2019","610","610","610","610","0.14K","-6.15%"
"Jun 25, 2019","650","650","650","650","0.58K","0.00%"
"Jun 21, 2019","650","650","650","650","0.44K","8.96%"
"Jun 20, 2019","597","595","600","595","2.90K","0.26%"
"Jun 18, 2019","595","595","595","595","132.79K","0.00%"
"Jun 14, 2019","595","595","595","595","12.07K","3.94%"
"Jun 13, 2019","572","550","595","550","2.00K","-0.43%"
"Jun 11, 2019","575","590","590","560","0.02K","-4.17%"
"Jun 10, 2019","600","600","600","600","0.86K","18.81%"
"Jun 06, 2019","505","505","505","505","0.20K","0.00%"
"Jun 05, 2019","505","505","505","505","0.61K","1.00%"
"Jun 04, 2019","500","500","500","500","1.00K","0.00%"
"May 30, 2019","500","500","500","500","0.13K","-9.09%"
"May 28, 2019","550","550","550","550","1.63K","0.00%"
"May 27, 2019","550","550","550","550","55.50K","0.00%"
"May 24, 2019","550","555","555","550","107.50K","-3.54%"
"May 23, 2019","570","550","600","550","1.85K","3.65%"
"May 22, 2019","550","550","580","550","22.16K","-5.14%"
"May 21, 2019","580","580","580","580","0.12K","-3.33%"
"May 20, 2019","600","600","600","600","1.93K","3.45%"
"May 17, 2019","580","580","580","580","1.78K","0.00%"
"May 16, 2019","580","580","580","580","1.01K","0.00%"
"May 15, 2019","580","580","580","580","0.40K","5.64%"
"May 13, 2019","549","550","550","545","2.60K","4.09%"
"May 10, 2019","527","525","530","525","0.20K","1.44%"
"May 09, 2019","520","520","520","520","4.01K","0.00%"
"May 08, 2019","520","521","521","520","0.50K","-13.30%"
"May 06, 2019","600","600","600","600","0.20K","0.23%"
"May 03, 2019","599","600","600","595","1.80K","-0.23%"
"May 02, 2019","600","600","600","600","2.00K","0.00%"
"Apr 29, 2019","600","600","600","600","2.05K","0.00%"
"Apr 23, 2019","600","600","600","600","0.20K","30.22%"
"Apr 22, 2019","461","445","520","445","5.53K","6.33%"
"Apr 11, 2019","433","430","435","430","1.50K","3.17%"
"Apr 10, 2019","420","420","420","420","0.01K","-2.33%"
"Apr 09, 2019","430","430","430","430","0.01K","-3.99%"
"Apr 08, 2019","448","450","450","445","0.02K","-0.47%"
"Apr 04, 2019","450","450","450","450","0.10K","0.00%"
"Apr 02, 2019","450","450","450","450","0.00K","-4.25%"
"Mar 29, 2019","470","470","470","470","0.08K","11.90%"
"Mar 25, 2019","420","420","420","420","0.05K","-0.60%"
"Mar 22, 2019","423","469","470","420","2.00K","5.05%"
"Mar 20, 2019","402","400","470","400","15.25K","2.95%"
"Mar 18, 2019","391","390","400","390","1.50K","-2.33%"
"Mar 14, 2019","400","400","400","400","1.70K","-11.68%"
"Mar 07, 2019","453","450","460","449","4.10K","-9.43%"
"Mar 06, 2019","500","500","500","500","2.50K","24.83%"
"Feb 27, 2019","401","401","500","400","2.52K","33.88%"
"Feb 26, 2019","299","289","347","289","8.25K","3.52%"
"Feb 25, 2019","289","240","289","240","0.30K","30.51%"
"Feb 22, 2019","221","210","241","210","0.54K","10.74%"
"Feb 19, 2019","200","200","200","200","0.75K","0.00%"
"Feb 18, 2019","200","200","230","200","20.17K","-7.21%"
"Feb 15, 2019","216","210","220","200","3.16K","10.21%"
"Feb 14, 2019","196","190","200","190","4.79K","-10.17%"
"Feb 12, 2019","218","218","218","218","0.00K","-0.91%"
"Feb 11, 2019","220","220","220","220","11.83K","0.00%"
"Feb 08, 2019","220","220","220","220","0.46K","4.76%"
"Feb 07, 2019","210","210","210","210","0.09K","0.00%"
"Feb 06, 2019","210","210","210","210","0.78K","3.20%"
"Feb 05, 2019","203","200","210","180","4.14K","7.09%"
"Feb 04, 2019","190","190","190","190","1.40K","-5.00%"
"Jan 31, 2019","200","200","200","200","0.30K","-9.66%"
"Jan 30, 2019","221","250","250","200","3.51K","-11.44%"
"Jan 29, 2019","250","250","250","250","1.00K","12.50%"
"Jan 28, 2019","222","220","230","220","5.60K","11.11%"
"Jan 25, 2019","200","200","200","200","0.50K","-1.17%"
"Jan 22, 2019","202","200","210","200","25.55K","1.18%"
"Jan 21, 2019","200","200","200","200","11.00K","0.00%"
"Jan 18, 2019","200","200","200","200","20.00K","5.26%"
"Jan 17, 2019","190","190","190","190","0.74K","36.69%"
"Jan 16, 2019","139","139","139","139","0.01K","19.31%"
"Jan 15, 2019","117","116","117","116","12.07K","23.94%"
"Jan 14, 2019","94","93","97","93","2.00K","44.62%"
"Jan 08, 2019","65","65","65","65","0.60K","0.00%"
"Jan 07, 2019","65","65","65","65","21.00K","18.18%"
"Jan 04, 2019","55","55","55","55","0.05K","19.05%"
"Jan 03, 2019","46","46","46","46","0.03K","5.00%"
"Dec 26, 2018","44","44","44","44","1.87K","0.00%"
"Dec 21, 2018","44","44","44","44","10.03K","0.00%"
"Dec 20, 2018","44","44","44","44","7.29K","0.00%"
"Dec 19, 2018","44","44","44","44","1.10K","-3.53%"
"Dec 18, 2018","46","46","46","44","14.46K","8.36%"
"Dec 17, 2018","42","42","44","42","21.42K","-4.34%"
"Dec 14, 2018","44","44","44","44","0.10K","9.86%"
"Dec 13, 2018","40","40","41","40","22.00K","2.59%"
"Dec 12, 2018","39","39","42","39","0.51K","5.51%"
"Dec 10, 2018","37","37","37","37","3.80K","-11.90%"
"Dec 07, 2018","42","42","42","42","0.07K","0.00%"
"Dec 06, 2018","42","42","42","42","0.13K","5.98%"
"Dec 05, 2018","40","40","40","40","4.01K","1.62%"
"Dec 04, 2018","39","39","39","39","3.63K","11.43%"
"Dec 03, 2018","35","35","40","35","2.00K","6.06%"
"Nov 30, 2018","33","33","33","33","3.00K","-1.84%"
"Nov 29, 2018","34","26","34","26","0.04K","12.07%"
"Nov 27, 2018","30","27","30","27","20.95K","2.21%"
"Nov 26, 2018","29","30","33","25","29.90K","17.40%"
"Nov 23, 2018","25","25","25","25","7.00K","4.17%"
"Nov 22, 2018","24","24","24","24","2.00K","0.00%"
"Nov 21, 2018","24","24","24","24","3.50K","0.00%"
"Nov 20, 2018","24","24","24","24","2.00K","-20.00%"
"Nov 19, 2018","30","30","30","30","14.91K","0.00%"
"Nov 16, 2018","30","30","30","30","0.10K","5.15%"
"Nov 15, 2018","29","30","30","27","6.13K","-4.90%"
"Nov 14, 2018","30","30","30","30","0.59K","15.38%"
"Nov 12, 2018","26","26","26","26","1.00K","8.33%"
"Nov 09, 2018","24","24","24","24","3.00K","9.09%"
"Nov 08, 2018","22","22","22","22","6.00K","0.00%"
"Nov 07, 2018","22","22","22","21","5.23K","4.76%"
"Nov 06, 2018","21","21","21","21","3.00K","8.08%"
"Nov 02, 2018","19","18","20","18","3.50K","14.29%"
"Nov 01, 2018","17","17","17","17","2.01K","13.33%"
"Oct 31, 2018","15","15","15","15","10.00K","0.00%"
"Oct 29, 2018","15","15","15","15","2.50K","0.00%"
"Oct 26, 2018","15","15","15","15","2.60K","0.00%"
"Oct 25, 2018","15","15","15","15","45.81K","7.48%"
"Oct 24, 2018","14","14","14","14","10.00K","-10.00%"
"Oct 23, 2018","15","15","15","15","19.82K","7.14%"
"Oct 22, 2018","14","14","15","14","10.01K","-6.60%"
"Oct 18, 2018","15","15","15","15","0.35K","0.00%"
"Oct 17, 2018","15","15","15","15","0.17K","3.52%"
"Oct 16, 2018","14","14","15","14","63.07K","0.00%"
"Oct 15, 2018","14","14","14","14","2.35K","0.00%"
"Oct 11, 2018","14","14","14","14","5.08K","0.00%"
"Oct 10, 2018","14","14","14","14","24.50K","5.83%"
"Oct 09, 2018","13","13","14","13","13.82K","-7.52%"
"Oct 05, 2018","14","14","14","14","0.18K","0.00%"
"Oct 04, 2018","15","15","15","15","18.80K","0.00%"
"Oct 03, 2018","14","14","15","14","119.14K","0.00%"
"Oct 02, 2018","14","14","15","14","153.37K","5.92%"
"Oct 01, 2018","14","14","14","14","1.70K","0.00%"
"Sep 28, 2018","14","14","14","14","2.00K","0.00%"
"Sep 27, 2018","14","14","14","14","3.00K","0.00%"
"Sep 26, 2018","13","13","14","13","4.30K","0.00%"
"Sep 25, 2018","14","14","14","14","13.10K","0.00%"
"Sep 24, 2018","14","14","14","14","1.98K","0.00%"
"Sep 21, 2018","14","14","14","14","0.10K","0.00%"
"Sep 20, 2018","14","14","14","14","5.13K","0.00%"
"Sep 19, 2018","14","14","14","14","8.15K","0.00%"
"Sep 18, 2018","14","14","14","14","3.00K","0.00%"
"Sep 17, 2018","14","14","14","14","0.50K","0.00%"
"Sep 14, 2018","14","14","14","14","0.50K","7.69%"
"Sep 13, 2018","13","14","14","13","3.38K","8.33%"
"Sep 12, 2018","12","14","14","12","4.05K","-20.00%"
"Sep 11, 2018","15","16","16","14","0.48K","-6.25%"
"Sep 07, 2018","16","16","16","16","3.00K","0.00%"
"Sep 06, 2018","16","17","17","16","0.11K","0.00%"
"Sep 05, 2018","16","17","17","16","15.06K","0.00%"
"Sep 04, 2018","16","14","16","14","18.30K","14.29%"
"Sep 03, 2018","14","14","14","14","10.13K","7.69%"
"Aug 31, 2018","13","12","14","12","11.15K","30.00%"
"Aug 30, 2018","10","10","10","10","1.02K","25.00%"
"Aug 29, 2018","8","8","8","8","4.19K","0.00%"
"Aug 28, 2018","8","8","8","8","21.16K","14.29%"
"Aug 27, 2018","7","7","7","7","0.56K","0.00%"
"Aug 23, 2018","7","7","7","7","0.28K","0.00%"
"Aug 22, 2018","7","7","7","7","0.91K","16.67%"
"Aug 21, 2018","6","6","6","6","1.00K","16.05%"
"Aug 16, 2018","5","5","6","5","0.20K","29.25%"
"Aug 15, 2018","4","4","4","4","3.05K","28.21%"
"Aug 14, 2018","3","4","4","3","29.45K","0.00%"
"Aug 13, 2018","3","3","3","3","5.00K","0.00%"
"Aug 10, 2018","3","3","3","3","0.44K","0.00%"
"Aug 09, 2018","3","3","3","3","0.00K","0.00%"
"Aug 08, 2018","2","2","2","2","6.63K","-100.00%"
"Aug 03, 2018","213,000","210,000","215,000","210,000","0.72K","1.43%"
"Aug 02, 2018","210,000","210,000","210,000","210,000","1.00K","0.00%"
"Jul 27, 2018","210,000","215,000","215,000","210,000","3.30K","-2.33%"
"Jul 26, 2018","215,000","215,000","215,000","215,000","0.01K","2.38%"
"Jul 20, 2018","210,000","210,000","210,000","210,000","3.50K","-1.41%"
"Jul 19, 2018","213,000","220,000","235,000","210,000","11.44K","-3.18%"
"Jul 18, 2018","220,000","220,000","220,000","220,000","4.00K","10.00%"
"Jul 16, 2018","200,000","200,000","200,000","200,000","1.25K","-4.76%"
"Jul 12, 2018","210,000","210,000","210,000","210,000","0.17K","4.48%"
"Jul 11, 2018","201,000","215,000","215,000","200,000","1.10K","-5.63%"
"Jul 10, 2018","213,000","215,000","215,000","200,000","12.09K","-0.93%"
"Jul 09, 2018","215,000","215,000","215,000","215,000","0.01K","-3.15%"
"Jul 06, 2018","222,000","215,000","225,000","215,000","7.69K","11.56%"
"Jul 04, 2018","199,000","190,000","210,000","190,000","8.91K","4.74%"
"Jul 03, 2018","190,000","190,000","190,000","190,000","0.24K","5.56%"
"Jun 29, 2018","180,000","180,000","200,000","180,000","1.47K","0.00%"
"Jun 28, 2018","180,000","180,000","180,000","180,000","0.02K","13.92%"
"Jun 26, 2018","158,000","180,000","180,000","156,000","0.54K","14.49%"
"Jun 25, 2018","138,000","130,000","156,000","130,000","6.51K","6.15%"
"Jun 22, 2018","130,000","128,980","130,000","128,980","0.30K","0.78%"
"Jun 21, 2018","129,000","128,980","128,980","128,980","0.01K","19.44%"
"Jun 20, 2018","108,000","108,000","108,000","108,000","2.32K","18.68%"
"Jun 18, 2018","91,000","108,000","108,000","90,000","0.43K","1.11%"
"Jun 15, 2018","90,000","90,000","90,000","90,000","0.05K","12.50%"
"Jun 14, 2018","80,000","80,000","80,000","80,000","2.01K","9.59%"
"Jun 13, 2018","73,000","64,500","77,400","64,500","0.03K","12.31%"
"Jun 12, 2018","65,000","64,500","64,500","64,500","0.98K","1.56%"
"Jun 11, 2018","64,000","64,500","64,500","6,400","0.36K","0.00%"
"Jun 08, 2018","64,000","63,750","63,750","63,500","0.20K","6.67%"
"Jun 06, 2018","60,000","60,000","60,000","60,000","0.57K","0.00%"
"Jun 05, 2018","60,000","65,000","65,000","60,000","0.62K","-7.69%"
"May 28, 2018","65,000","64,500","64,500","64,500","1.22K","0.00%"
"May 25, 2018","65,000","64,500","64,500","64,500","0.10K","0.00%"
"May 24, 2018","65,000","64,500","64,500","64,500","0.04K","4.84%"
"May 23, 2018","62,000","62,000","62,000","62,000","0.95K","3.33%"
"May 22, 2018","60,000","60,000","60,000","60,000","0.00K","9.09%"
"May 16, 2018","55,000","55,000","55,000","55,000","3.45K","-8.33%"
"May 11, 2018","60,000","59,000","60,000","59,000","1.02K","1.69%"
"May 10, 2018","59,000","58,990","59,000","58,990","5.20K","-3.28%"
"May 09, 2018","61,000","61,000","61,000","61,000","0.01K","-1.61%"
"May 08, 2018","62,000","62,000","62,000","61,000","0.03K","-4.62%"
"May 07, 2018","65,000","64,500","64,500","64,500","0.34K","-8.45%"
"May 04, 2018","71,000","73,000","73,000","70,000","0.61K","-1.39%"
"May 03, 2018","72,000","73,000","73,000","72,000","0.26K","0.00%"
"May 02, 2018","72,000","72,000","72,000","72,000","0.01K","0.01%"
"Apr 27, 2018","71,995","71,995","71,995","71,995","0.05K","20.00%"
"Apr 25, 2018","59,998","59,998","59,998","59,998","0.20K","20.00%"
"Apr 24, 2018","50,000","50,000","50,000","50,000","7.80K","0.00%"
"Apr 23, 2018","50,000","50,000","50,000","50,000","2.80K","-0.22%"
"Apr 20, 2018","50,108","55,538","55,538","50,000","10.25K","6.61%"
"Apr 18, 2018","47,000","47,000","47,000","47,000","0.03K","-10.39%"
"Apr 17, 2018","52,449","55,538","55,538","47,000","0.31K","13.33%"
"Apr 16, 2018","46,281","46,281","46,281","46,281","0.51K","30.07%"
"Apr 13, 2018","35,582","33,000","38,568","33,000","1.87K","10.75%"
"Apr 12, 2018","32,127","32,000","32,140","32,000","11.00K","37.16%"
"Apr 11, 2018","23,423","22,000","26,784","22,000","0.20K","37.12%"
"Apr 10, 2018","17,082","15,600","18,700","15,600","1.88K","31.40%"
"Apr 06, 2018","13,000","13,000","13,000","13,000","28.78K","6.99%"
"Apr 05, 2018","12,151","12,235","12,235","12,000","0.47K","19.15%"
"Apr 03, 2018","10,198","10,198","10,198","10,198","0.30K","13.31%"
"Apr 02, 2018","9,000","9,000","9,000","9,000","3.00K","5.88%"
"Mar 23, 2018","8,500","8,501","8,501","8,500","10.52K","0.00%"
"Mar 21, 2018","8,500","8,501","8,501","8,500","3.23K","0.00%"
"Mar 20, 2018","8,500","8,500","8,500","8,500","25.99K","0.00%"
"Mar 16, 2018","8,500","8,500","8,500","8,500","0.07K","-0.34%"
"Mar 15, 2018","8,529","8,500","8,700","8,500","0.94K","0.34%"
"Mar 14, 2018","8,500","8,500","8,500","8,500","0.09K","-0.01%"
"Mar 13, 2018","8,501","8,500","8,700","8,500","2.87K","1.93%"
"Mar 09, 2018","8,340","7,700","8,500","7,700","0.25K","8.31%"
"Mar 07, 2018","7,700","7,700","7,700","7,700","10.00K","17.90%"
"Mar 06, 2018","6,531","6,500","7,795","6,500","0.82K","0.48%"
"Mar 05, 2018","6,500","6,500","6,500","6,500","1.90K","0.82%"
"Mar 02, 2018","6,447","6,250","6,500","6,250","0.64K","7.45%"
"Feb 23, 2018","6,000","6,000","6,000","6,000","0.50K","5.78%"
"Feb 21, 2018","5,672","5,670","5,680","5,670","0.50K","2.77%"
"Feb 20, 2018","5,519","5,519","5,519","5,519","1.29K","3.86%"
"Feb 19, 2018","5,314","5,200","5,519","5,200","17.27K","8.45%"
"Feb 16, 2018","4,900","4,900","4,900","4,900","2.50K","6.52%"
"Feb 15, 2018","4,600","4,600","4,600","4,600","0.64K","-6.12%"
"Feb 01, 2018","4,900","4,900","4,900","4,900","0.13K","2.08%"
"Jan 31, 2018","4,800","4,800","4,800","4,800","19.34K","0.00%"
"Jan 30, 2018","4,800","4,800","4,800","4,800","37.65K","19.17%"
"Jan 29, 2018","4,028","4,500","4,500","4,000","10.30K","0.70%"
"Jan 26, 2018","4,000","4,000","4,000","4,000","32.55K","6.95%"
"Jan 25, 2018","3,740","3,740","3,740","3,740","17.11K","0.00%"
"Jan 24, 2018","3,740","3,740","3,740","3,740","10.00K","1.03%"
"Jan 23, 2018","3,702","3,740","3,740","3,700","35.67K","-1.02%"
"Jan 22, 2018","3,740","3,740","3,740","3,740","112.76K","19.87%"
"Jan 19, 2018","3,120","3,120","3,120","3,120","0.23K","7.55%"
"Jan 18, 2018","2,901","2,900","3,120","2,900","43.78K","0.03%"
"Jan 17, 2018","2,900","2,900","2,900","2,900","0.15K","11.71%"
"Jan 11, 2018","2,596","2,595","2,600","2,595","9.46K","-0.15%"
"Jan 10, 2018","2,600","2,595","2,600","2,595","1.01K","0.00%"
"Jan 08, 2018","2,600","2,600","2,600","2,600","9.70K","8.33%"
"Jan 02, 2018","2,400","2,400","2,400","2,400","3.50K","-7.69%"
"Dec 28, 2017","2,600","2,600","2,600","2,600","2.50K","0.00%"
"Dec 27, 2017","2,600","2,600","2,600","2,600","0.25K","0.00%"
"Dec 22, 2017","2,600","2,600","2,600","2,600","5.00K","0.00%"
"Dec 21, 2017","2,600","2,600","2,600","2,600","5.25K","0.00%"
"Dec 20, 2017","2,600","2,600","2,600","2,600","0.06K","0.00%"
"Dec 14, 2017","2,600","2,600","2,600","2,600","9.95K","-0.04%"
"Dec 13, 2017","2,601","2,750","2,800","2,600","43.83K","-3.67%"
"Dec 12, 2017","2,700","2,700","2,700","2,700","0.18K","0.07%"
"Dec 08, 2017","2,698","2,400","2,760","2,400","10.75K","12.37%"
"Dec 07, 2017","2,401","2,700","2,700","2,400","10.03K","-12.72%"
"Dec 05, 2017","2,751","2,700","2,760","2,700","13.63K","-0.33%"
"Nov 22, 2017","2,760","2,760","2,760","2,760","0.02K","20.00%"
"Nov 21, 2017","2,300","2,300","2,300","2,300","37.36K","0.00%"
"Nov 20, 2017","2,300","2,300","2,300","2,300","3.28K","0.00%"
"Nov 17, 2017","2,300","2,300","2,300","2,300","1.20K","4.55%"
"Nov 08, 2017","2,200","2,200","2,200","2,200","0.20K","-0.27%"
"Nov 03, 2017","2,206","2,200","2,350","2,200","1.95K","-0.23%"
"Nov 02, 2017","2,211","2,600","2,600","2,200","21.86K","-7.91%"
"Nov 01, 2017","2,401","2,650","2,650","2,400","10.45K","-4.00%"
"Oct 31, 2017","2,501","2,900","2,900","2,500","3.02K","0.04%"
"Oct 30, 2017","2,500","2,500","2,890","2,500","18.87K","0.00%"
"Oct 27, 2017","2,500","2,500","2,500","2,500","1.00K","-10.71%"
"Oct 26, 2017","2,800","2,700","2,800","2,700","10.20K","-0.88%"
"Oct 25, 2017","2,825","2,850","2,850","2,800","1.94K","-6.08%"
"Oct 24, 2017","3,008","3,050","3,050","3,000","0.70K","-0.59%"
"Oct 20, 2017","3,026","3,000","3,100","3,000","34.89K","-2.39%"
"Oct 19, 2017","3,100","3,100","3,100","3,100","9.49K","-6.63%"
"Oct 16, 2017","3,320","3,320","3,320","3,320","0.02K","8.46%"
"Oct 13, 2017","3,061","3,320","3,320","2,800","0.90K","-7.94%"
"Oct 11, 2017","3,325","3,325","3,325","3,325","0.01K","14.69%"
"Oct 06, 2017","2,899","2,801","3,320","2,800","0.63K","-12.68%"
"Oct 05, 2017","3,320","3,320","3,320","3,320","0.05K","18.57%"
"Sep 29, 2017","2,800","2,800","2,800","2,800","0.21K","0.00%"
"Sep 28, 2017","2,800","2,800","2,800","2,800","1.92K","14.19%"
"Sep 27, 2017","2,452","2,450","2,600","2,450","8.21K","0.08%"
"Sep 26, 2017","2,450","2,450","2,450","2,450","1.56K","0.00%"
"Sep 22, 2017","2,450","2,450","2,450","2,450","72.24K","6.52%"
"Sep 21, 2017","2,300","2,450","2,500","2,300","0.27K","-6.12%"
"Sep 20, 2017","2,450","2,799","2,799","2,450","5.44K","0.00%"
"Sep 19, 2017","2,450","2,500","2,500","2,500","0.01K","0.00%"
"Sep 18, 2017","2,450","2,800","2,800","2,450","1.27K","2.08%"
"Sep 15, 2017","2,400","2,400","2,400","2,350","0.39K","2.13%"
"Sep 14, 2017","2,350","2,350","2,350","2,350","0.05K","9.30%"
"Sep 13, 2017","2,150","2,050","2,150","2,050","2.96K","7.50%"
"Sep 12, 2017","2,000","1,800","2,000","1,800","40.52K","8.11%"
"Sep 08, 2017","1,850","1,850","1,850","1,850","5.00K","0.00%"
"Sep 07, 2017","1,850","1,850","1,850","1,850","0.31K","2.78%"
"Sep 06, 2017","1,800","1,850","1,850","1,800","1.80K","0.00%"
"Sep 05, 2017","1,800","1,650","1,800","1,600","0.97K","9.09%"
"Sep 04, 2017","1,650","1,650","1,650","1,650","0.57K","0.00%"
"Sep 01, 2017","1,650","1,650","1,650","1,650","5.00K","0.00%"
"Aug 31, 2017","1,650","1,650","1,650","1,650","0.19K","0.00%"
"Aug 30, 2017","1,650","1,650","1,650","1,650","7.00K","0.00%"
"Aug 29, 2017","1,650","1,750","1,800","1,650","2.93K","0.00%"
"Aug 22, 2017","1,650","1,650","1,650","1,650","8.00K","-0.06%"
"Aug 18, 2017","1,651","1,700","1,700","1,700","0.02K","0.00%"
"Aug 17, 2017","1,651","1,700","1,700","1,700","0.03K","0.00%"
"Aug 15, 2017","1,651","1,651","1,651","1,651","0.45K","0.06%"
"Aug 11, 2017","1,650","1,650","1,650","1,650","0.05K","0.00%"
"Aug 10, 2017","1,650","1,650","1,650","1,650","0.05K","3.13%"
"Aug 08, 2017","1,600","1,600","1,600","1,600","0.01K","6.67%"
"Aug 04, 2017","1,500","1,500","1,625","1,500","11.44K","3.45%"
"Aug 03, 2017","1,450","1,370","1,450","1,370","2.09K","7.41%"
"Aug 02, 2017","1,350","1,300","1,350","1,300","5.96K","0.00%"
"Aug 01, 2017","1,350","1,350","1,350","1,350","12.96K","0.00%"
"Jul 31, 2017","1,350","1,350","1,350","1,350","0.08K","1.50%"
"Jul 28, 2017","1,330","1,300","1,330","1,300","15.69K","2.31%"
"Jul 25, 2017","1,300","1,280","1,300","1,280","88.66K","4.00%"
"Jul 21, 2017","1,250","1,250","1,250","1,250","4.00K","4.17%"
"Jul 18, 2017","1,200","1,200","1,200","1,200","3.54K","-4.00%"
"Jul 17, 2017","1,250","1,300","1,300","1,300","0.02K","0.00%"
"Jul 14, 2017","1,250","1,200","1,250","1,200","10.58K","8.70%"
"Jul 13, 2017","1,150","1,050","1,050","1,050","0.75K","4.55%"
"Jul 12, 2017","1,100","1,080","1,100","1,080","1.05K","1.85%"
"Jul 07, 2017","1,080","1,050","1,080","1,050","1.79K","0.00%"
"Jul 06, 2017","1,080","1,080","1,080","1,080","1.00K","0.00%"
"Jul 04, 2017","1,080","1,150","1,150","1,080","7.50K","-1.82%"
"Jun 30, 2017","1,100","1,100","1,100","1,100","4.40K","0.00%"
"Jun 29, 2017","1,100","1,100","1,100","1,100","0.27K","0.00%"
"Jun 28, 2017","1,100","1,150","1,150","1,100","0.51K","-4.35%"
"Jun 27, 2017","1,150","1,100","1,150","1,100","0.09K","9.52%"
"Jun 26, 2017","1,050","1,050","1,050","1,050","1.00K","0.00%"
"Jun 23, 2017","1,050","980","1,050","980","0.14K","7.69%"
"Jun 22, 2017","975","960","975","960","5.04K","3.72%"
"Jun 21, 2017","940","960","960","960","0.00K","0.00%"
"Jun 20, 2017","940","940","940","940","-","0.00%"
"Jun 16, 2017","940","900","940","900","11.14K","5.62%"
"Jun 15, 2017","890","890","890","890","0.50K","1.14%"
"Jun 14, 2017","880","880","889","880","3.24K","0.00%"
"Jun 13, 2017","880","830","880","830","10.61K","4.76%"
"Jun 12, 2017","840","830","840","830","36.55K","2.44%"
"Jun 09, 2017","820","800","820","800","20.87K","2.50%"
"Jun 08, 2017","800","800","810","800","25.16K","0.00%"
"Jun 07, 2017","800","785","810","785","44.87K","1.27%"
"Jun 06, 2017","790","790","790","790","0.38K","0.00%"
"Jun 05, 2017","790","790","790","790","0.50K","0.13%"
"Jun 02, 2017","789","789","789","789","3.92K","-0.13%"
"Jun 01, 2017","790","750","790","750","3.40K","12.86%"
"May 30, 2017","700","700","700","700","8.79K","-9.09%"
"May 26, 2017","770","750","770","750","3.82K","-1.28%"
"May 25, 2017","780","770","780","770","23.70K","0.13%"
"May 22, 2017","779","779","779","779","-","-0.13%"
"May 19, 2017","780","760","780","760","5.82K","6.85%"
"May 18, 2017","730","730","730","730","81.08K","0.00%"
"May 17, 2017","730","730","730","730","1.50K","-3.95%"
"May 16, 2017","760","740","780","740","2.56K","-1.30%"
"May 15, 2017","770","770","770","770","9.94K","0.00%"
"May 12, 2017","770","760","770","760","24.73K","4.05%"
"May 11, 2017","740","760","760","740","6.02K","2.78%"
"May 10, 2017","720","720","720","720","1.00K","0.00%"
"May 09, 2017","720","720","720","720","10.66K","2.86%"
"May 05, 2017","700","680","740","680","2.51K","2.94%"
"May 04, 2017","680","600","680","600","9.22K","6.25%"
"May 02, 2017","640","620","640","620","10.77K","3.23%"
"Apr 28, 2017","620","559","620","559","12.99K","10.72%"
"Apr 27, 2017","560","560","560","560","0.50K","0.00%"
"Apr 25, 2017","560","500","560","500","21.57K","16.67%"
"Apr 21, 2017","480","470","480","470","16.80K","0.00%"
"Apr 20, 2017","480","480","480","480","0.12K","0.00%"
"Apr 18, 2017","480","460","480","460","8.33K","4.35%"
"Apr 17, 2017","460","460","460","460","5.00K","0.00%"
"Apr 12, 2017","460","450","460","450","3.25K","4.55%"
"Apr 10, 2017","440","440","440","440","0.12K","-3.30%"
"Apr 07, 2017","455","440","455","440","19.85K","3.41%"
"Apr 06, 2017","440","440","440","440","0.05K","0.00%"
"Apr 04, 2017","440","425","440","425","56.54K","2.32%"
"Apr 03, 2017","430","425","430","425","12.75K","2.38%"
"Mar 30, 2017","420","420","420","420","16.27K","-1.18%"
"Mar 29, 2017","425","420","425","420","5.17K","1.19%"
"Mar 28, 2017","420","420","420","420","11.00K","0.00%"
"Mar 27, 2017","420","321","420","380","50.84K","10.53%"
"Mar 24, 2017","380","380","380","380","0.50K","0.00%"
"Mar 23, 2017","380","380","380","360","30.33K","0.00%"
"Mar 22, 2017","380","379","380","379","4.88K","0.00%"
"Mar 21, 2017","380","379","379","379","0.01K","0.00%"
"Mar 20, 2017","380","380","380","380","0.50K","0.00%"
"Mar 17, 2017","380","380","380","380","0.70K","1.33%"
"Mar 16, 2017","375","376","376","375","3.20K","0.00%"
"Mar 15, 2017","375","375","375","375","10.03K","0.00%"
"Mar 14, 2017","375","380","380","375","11.00K","-1.96%"
"Mar 13, 2017","383","383","383","383","20.00K","0.66%"
"Mar 10, 2017","380","390","390","380","2.22K","0.00%"
"Mar 09, 2017","380","380","380","380","14.42K","2.70%"
"Mar 08, 2017","370","350","370","350","20.50K","0.00%"
"Mar 07, 2017","370","370","370","370","2.55K","0.00%"
"Mar 06, 2017","370","370","370","370","0.13K","0.00%"
"Mar 03, 2017","370","350","370","350","37.89K","2.78%"
"Mar 02, 2017","360","340","360","340","32.30K","5.88%"
"Mar 01, 2017","340","340","340","340","16.40K","3.03%"
"Feb 24, 2017","330","330","330","330","8.47K","0.00%"
"Feb 23, 2017","330","320","330","320","21.55K","6.45%"
"Feb 22, 2017","310","310","310","310","9.85K","0.00%"
"Feb 21, 2017","310","310","310","310","5.20K","0.00%"
"Feb 20, 2017","310","310","310","310","0.35K","3.33%"
"Feb 17, 2017","300","300","310","300","6.73K","0.00%"
"Feb 16, 2017","300","300","0","0","7.55K","0.00%"
"Feb 15, 2017","300","300","300","300","0.30K","0.00%"
"Feb 10, 2017","300","270","300","270","12.98K","14.94%"
"Feb 07, 2017","261","261","261","261","0.09K","-10.00%"
"Feb 03, 2017","290","300","300","290","0.10K","-3.33%"
"Feb 02, 2017","300","300","300","300","10.05K","3.45%"
"Jan 30, 2017","290","290","290","290","2.75K","1.75%"
"Jan 26, 2017","285","235","235","235","0.02K","0.00%"
"Jan 25, 2017","285","285","290","285","4.63K","-1.72%"
"Jan 16, 2017","290","290","290","232","0.06K","0.00%"
"Jan 13, 2017","290","290","290","290","-","0.00%"
"Jan 12, 2017","290","290","290","290","1.50K","0.00%"
"Jan 11, 2017","290","290","290","290","-","0.00%"
"Jan 10, 2017","290","300","300","290","14.11K","0.00%"
"Jan 05, 2017","290","290","290","290","3.47K","2.84%"
"Jan 03, 2017","282","290","290","290","0.03K","0.00%"
"Dec 28, 2016","282","280","282","280","7.19K","2.55%"
"Dec 27, 2016","275","280","280","280","0.01K","-1.79%"
"Dec 26, 2016","280","280","280","280","-","1.82%"
"Dec 22, 2016","275","275","275","275","1.30K","0.00%"
"Dec 20, 2016","275","275","275","275","5.86K","-8.33%"
"Dec 16, 2016","300","275","275","275","0.31K","0.00%"
"Dec 14, 2016","300","300","300","300","0.50K","0.00%"
"Dec 13, 2016","300","300","300","300","2.03K","0.00%"
"Dec 08, 2016","300","300","300","300","4.10K","0.00%"
"Dec 06, 2016","300","300","338","300","0.98K","20.00%"
"Dec 05, 2016","250","250","250","250","33.14K","-19.35%"
"Dec 02, 2016","310","300","340","300","3.69K","-8.82%"
"Dec 01, 2016","340","340","340","340","2.30K","13.33%"
"Nov 30, 2016","300","296","300","296","14.50K","1.35%"
"Nov 29, 2016","296","296","296","296","0.07K","2.07%"
"Nov 28, 2016","290","295","295","290","2.30K","18.37%"
"Nov 25, 2016","245","245","245","245","-","-16.94%"
"Nov 24, 2016","295","295","295","295","0.25K","-1.01%"
"Nov 22, 2016","298","298","299","298","1.04K","-0.67%"
"Nov 21, 2016","300","300","300","300","0.02K","0.00%"
"Nov 18, 2016","300","300","300","300","1.10K","-6.25%"
"Nov 17, 2016","320","320","320","320","0.88K","0.00%"
"Nov 16, 2016","320","320","333","320","9.01K","-3.03%"
"Nov 15, 2016","330","333","333","320","10.46K","-0.90%"
"Nov 14, 2016","333","320","333","320","15.61K","-0.30%"
"Nov 11, 2016","334","334","337","334","10.14K","18.86%"
"Nov 10, 2016","281","280","281","280","3.10K","19.57%"
"Nov 09, 2016","235","210","235","210","7.80K","13.53%"
"Nov 08, 2016","207","175","207","175","9.10K","20.00%"
"Nov 04, 2016","173","144","173","144","32.31K","19.79%"
"Nov 03, 2016","144","144","144","144","2.00K","1.41%"
"Nov 02, 2016","142","140","142","140","3.60K","1.43%"
"Nov 01, 2016","140","130","140","130","7.63K","7.69%"
"Oct 31, 2016","130","138","138","130","1.28K","-5.80%"
"Oct 28, 2016","138","138","138","138","0.31K","1.47%"
"Oct 27, 2016","136","135","136","135","4.29K","1.49%"
"Oct 26, 2016","134","135","135","135","0.01K","0.00%"
"Oct 25, 2016","134","133","134","133","6.75K","1.52%"
"Oct 21, 2016","132","131","132","131","3.10K","1.54%"
"Oct 20, 2016","130","113","113","130","5.18K","16.07%"
"Oct 19, 2016","112","111","112","111","2.00K","1.82%"
"Oct 18, 2016","110","110","110","110","4.60K","0.00%"
"Oct 17, 2016","110","102","110","102","4.40K","0.92%"
"Oct 14, 2016","109","105","109","105","29.50K","4.81%"
"Oct 13, 2016","104","104","104","104","7.93K","0.97%"
"Oct 11, 2016","103","104","104","104","0.07K","0.00%"
"Oct 07, 2016","103","104","104","104","0.07K","0.00%"
"Oct 05, 2016","103","103","103","103","3.90K","0.00%"
"Oct 04, 2016","103","103","103","103","0.10K","0.00%"
"Sep 30, 2016","103","103","103","103","0.03K","0.00%"
"Sep 29, 2016","103","104","104","103","9.20K","-0.96%"
"Sep 26, 2016","104","104","104","104","0.10K","0.00%"
"Sep 23, 2016","104","104","104","104","2.00K","0.00%"
"Sep 22, 2016","104","104","104","104","8.97K","0.00%"
"Sep 19, 2016","104","104","104","104","0.10K","0.98%"
"Sep 16, 2016","103","103","103","103","8.50K","0.00%"
"Sep 14, 2016","103","103","103","103","3.86K","0.00%"
"Sep 06, 2016","103","103","103","103","0.05K","0.00%"
"Aug 31, 2016","103","102","103","102","20.00K","10.68%"
"Aug 30, 2016","93","103","103","103","0.06K","0.00%"
"Aug 29, 2016","93","93","93","93","11.50K","-9.65%"
"Aug 25, 2016","103","103","103","103","0.45K","0.97%"
"Aug 24, 2016","102","102","102","102","1.00K","-0.96%"
"Aug 19, 2016","103","103","103","103","0.50K","0.00%"
"Aug 12, 2016","103","103","103","103","0.25K","0.00%"
"Aug 09, 2016","103","103","103","103","0.33K","0.00%"
"Aug 04, 2016","103","103","103","103","9.60K","0.00%"
"Aug 03, 2016","103","103","103","103","0.50K","0.00%"
"Jul 29, 2016","103","103","103","103","11.63K","0.00%"
"Jul 27, 2016","103","100","103","100","10.12K","0.00%"
"Jul 26, 2016","103","103","103","103","11.00K","2.99%"
"Jul 25, 2016","100","100","100","100","2.90K","-3.83%"
"Jul 22, 2016","104","102","104","102","4.70K","0.00%"
"Jul 19, 2016","104","100","104","100","11.27K","3.98%"
"Jul 18, 2016","100","104","104","100","3.33K","-1.96%"
"Jul 14, 2016","102","100","102","100","19.00K","2.00%"
"Jul 13, 2016","100","100","100","100","28.30K","0.00%"
"Jul 12, 2016","100","100","100","100","5.00K","-0.99%"
"Jul 06, 2016","101","86","105","86","0.05K","0.00%"
"Jun 29, 2016","101","101","101","101","2.40K","1.00%"
"Jun 17, 2016","100","100","100","100","28.00K","0.00%"
"Jun 15, 2016","100","105","105","100","69.05K","-15.25%"
"Jun 09, 2016","118","118","118","118","0.50K","-1.26%"
"Jun 08, 2016","120","119","120","119","1.92K","0.00%"
"Jun 06, 2016","120","120","120","120","0.12K","0.00%"
"Jun 03, 2016","120","120","120","120","4.00K","-4.75%"
"Jun 02, 2016","126","126","126","126","0.10K","0.00%"
"Jun 01, 2016","126","126","126","126","4.00K","0.00%"
"May 27, 2016","126","126","126","126","0.05K","0.00%"
"May 26, 2016","126","126","126","126","20.35K","4.13%"
"May 25, 2016","121","126","126","126","7.10K","0.00%"
"May 23, 2016","121","121","121","121","1.80K","0.00%"
"May 20, 2016","121","112","121","112","20.01K","8.03%"
"May 19, 2016","112","112","112","112","0.70K","-9.67%"
"May 13, 2016","124","124","124","124","0.10K","18.09%"
"May 10, 2016","105","105","105","105","0.40K","-11.76%"
"May 06, 2016","119","119","119","119","0.16K","0.00%"
"May 03, 2016","119","119","119","119","2.62K","0.00%"
"May 02, 2016","119","118","119","118","19.82K","1.56%"
"Apr 29, 2016","118","114","118","114","10.50K","7.11%"
"Apr 28, 2016","110","110","110","110","0.37K","0.00%"
"Apr 27, 2016","110","110","110","110","0.69K","13.80%"
"Apr 25, 2016","96","96","96","96","0.90K","-0.94%"
"Apr 22, 2016","97","110","110","110","0.01K","0.00%"
"Apr 18, 2016","97","118","118","97","14.71K","-17.18%"
"Apr 14, 2016","118","117","118","117","2.50K","0.00%"
"Apr 08, 2016","118","118","118","118","0.02K","0.00%"
"Apr 07, 2016","118","118","118","118","0.15K","0.00%"
"Apr 05, 2016","118","118","118","118","1.55K","2.40%"
"Apr 01, 2016","115","94","115","94","0.29K","0.00%"
"Mar 29, 2016","115","115","115","115","0.20K","-2.35%"
"Mar 28, 2016","118","118","118","118","0.39K","1.59%"
"Mar 22, 2016","116","116","116","116","0.04K","0.00%"
"Mar 21, 2016","116","116","116","116","9.48K","0.00%"
"Mar 16, 2016","116","116","116","116","0.02K","0.00%"
"Mar 15, 2016","116","116","116","116","0.28K","3.26%"
"Mar 14, 2016","112","112","112","112","0.20K","-3.17%"
"Mar 03, 2016","116","116","116","115","24.75K","0.00%"
"Mar 02, 2016","116","116","116","116","1.97K","0.00%"
"Mar 01, 2016","116","116","116","116","10.04K","14.54%"
"Feb 29, 2016","101","106","106","101","5.00K","-12.69%"
"Feb 26, 2016","116","116","116","116","4.12K","0.00%"
"Feb 25, 2016","116","116","116","116","18.36K","0.00%"
"Feb 24, 2016","116","116","116","116","11.00K","0.00%"
"Feb 19, 2016","116","116","116","116","0.10K","14.54%"
"Feb 16, 2016","101","101","110","101","23.87K","3.77%"
"Feb 10, 2016","97","115","115","115","0.01K","0.00%"
"Jan 27, 2016","97","97","97","96","11.00K","-14.86%"
"Jan 25, 2016","114","114","114","114","1.10K","19.60%"
"Jan 21, 2016","96","96","96","96","5.00K","-19.92%"
"Jan 20, 2016","119","119","119","119","0.15K","0.00%"
"Jan 19, 2016","119","119","119","119","0.04K","0.00%"
"Jan 18, 2016","119","119","119","119","0.12K","0.00%"
"Jan 15, 2016","119","119","119","119","2.00K","0.00%"
"Jan 13, 2016","119","119","119","119","0.05K","0.00%"
"Dec 30, 2015","119","119","119","119","0.10K","0.00%"
"Dec 22, 2015","119","119","119","119","3.41K","4.00%"
"Dec 17, 2015","115","119","119","115","1.55K","-3.84%"
"Dec 15, 2015","119","119","119","119","0.01K","0.00%"
"Dec 10, 2015","119","119","119","119","0.01K","0.00%"
"Dec 09, 2015","119","119","119","119","1.92K","4.00%"
"Oct 28, 2015","115","115","115","115","0.06K","0.00%"
"Oct 27, 2015","115","115","115","115","1.00K","-3.85%"
"Oct 26, 2015","119","119","119","119","0.07K","0.00%"
"Oct 20, 2015","119","119","119","119","1.50K","0.82%"
"Oct 19, 2015","118","118","118","118","2.35K","7.45%"
"Oct 14, 2015","110","110","110","110","2.42K","0.00%"
"Oct 09, 2015","110","110","110","110","6.40K","-7.68%"
"Oct 08, 2015","119","119","119","119","1.10K","0.00%"
"Oct 06, 2015","119","119","119","119","2.00K","0.00%"
"Oct 05, 2015","119","119","119","119","1.50K","-3.70%"
"Sep 28, 2015","124","124","124","124","1.50K","8.00%"
"Sep 25, 2015","115","115","115","115","2.49K","-3.85%"
"Sep 23, 2015","119","119","119","119","1.50K","0.00%"
"Sep 18, 2015","119","124","124","119","2.00K","-3.70%"
"Sep 16, 2015","124","129","129","124","2.00K","-3.58%"
"Sep 15, 2015","129","129","129","129","1.48K","-14.53%"
"Aug 12, 2015","151","151","151","151","0.05K","10.00%"
"Aug 04, 2015","137","137","137","137","0.21K","-11.76%"
"Jul 21, 2015","155","153","153","153","0.01K","0.00%"
"Jul 20, 2015","155","155","155","155","0.10K","0.00%"
"Jul 15, 2015","155","155","155","155","2.95K","0.00%"
"Jul 13, 2015","155","155","155","155","0.09K","-19.05%"
"Jul 10, 2015","192","201","201","192","0.59K","9.37%"
"Jul 09, 2015","175","173","175","173","1.45K","20.00%"
"Jul 08, 2015","146","135","146","135","2.70K","29.03%"
"Jul 07, 2015","113","113","113","113","3.00K","19.24%"
"Jul 06, 2015","95","95","95","95","1.00K","43.55%"
"Jul 03, 2015","66","66","66","66","2.00K","19.95%"
"Jul 02, 2015","55","55","55","55","2.00K","19.97%"
"Jun 12, 2015","46","46","46","46","1.00K","19.89%"
"Jun 02, 2015","38","38","38","38","1.12K","19.98%"
"Jun 01, 2015","32","32","32","32","0.14K","18.57%"
"May 27, 2015","27","22","27","22","41.00K","44.01%"
"May 25, 2015","19","19","19","19","20.00K","18.81%"
"May 22, 2015","16","19","19","19","0.00K","0.00%"
"Apr 20, 2015","16","17","17","17","0.02K","0.00%"
"Mar 25, 2015","16","16","16","16","0.02K","0.00%"
"Mar 24, 2015","16","16","16","16","5.24K","4.58%"
"Mar 13, 2015","15","15","15","15","17.75K","0.00%"
"Feb 24, 2015","15","15","15","15","10.00K","0.00%"
"Feb 18, 2015","15","15","15","15","2.25K","0.00%"
"Feb 04, 2015","15","14","15","14","1.80K","0.00%"
"Jan 20, 2015","15","15","15","15","9.50K","6.44%"
"Jan 08, 2015","14","14","14","14","7.62K","0.00%"
"Dec 29, 2014","14","14","14","14","1.00K","0.00%"
"Dec 12, 2014","14","14","14","14","40.00K","0.00%"
"Dec 09, 2014","14","13","14","13","45.25K","5.05%"
"Dec 03, 2014","13","13","13","13","11.15K","0.00%"
"Dec 02, 2014","13","13","13","13","40.68K","-4.81%"
"Nov 24, 2014","14","14","14","14","0.15K","5.05%"
"Nov 20, 2014","13","13","13","13","0.30K","-4.81%"
"Oct 22, 2014","14","12","14","12","1.75K","19.22%"
"Oct 13, 2014","12","14","14","14","0.03K","0.00%"
"Sep 30, 2014","12","12","12","12","0.46K","0.00%"
"Sep 24, 2014","12","12","12","12","4.20K","0.00%"
"Sep 17, 2014","12","12","12","12","49.82K","0.00%"
"Sep 16, 2014","12","12","12","12","45.06K","8.31%"
"Sep 15, 2014","11","11","11","11","7.10K","0.00%"
"Sep 09, 2014","11","11","11","10","0.32K","0.00%"
"Aug 22, 2014","11","11","11","11","9.70K","0.00%"
"Aug 21, 2014","11","10","11","10","18.20K","14.90%"
"Jul 23, 2014","10","10","10","10","0.27K","0.00%"
"Jul 10, 2014","10","10","10","10","1.57K","-12.97%"
"Jul 07, 2014","11","11","11","11","0.03K","0.00%"
"Jul 01, 2014","11","11","11","11","0.02K","0.00%"