date,close,open,high,low,volume,change
2017-02-22,4,54,0,0,0.02K,0.00%
2017-06-29,3238,3238,3238,3238,14.66K,"74,677.14%"
2017-06-30,4483,3885,4508,3238,2.42K,38.46%
2017-07-04,4981,4981,4981,4981,1.32K,11.11%
2017-07-06,4981,5230,5230,4981,1.30K,0.00%
2017-07-07,4533,4981,4981,4533,0.70K,-9.00%
2017-07-11,4533,4533,4533,4533,0.04K,0.00%
2017-07-12,4533,4533,4533,4533,0.06K,0.00%
2017-07-13,4533,4533,4533,4533,0.23K,0.00%
2017-07-14,4533,4533,4732,4533,0.10K,0.00%
2017-07-17,4732,4732,4732,4732,0.44K,4.40%
2017-07-18,4732,4732,4732,4682,1.24K,0.00%
2017-07-19,4732,4782,4782,4732,0.43K,0.00%
2017-07-21,4732,4732,4732,4732,0.47K,0.00%
2017-07-25,4633,4633,4633,4633,0.20K,-2.11%
2017-07-28,5455,5455,5455,5455,0.20K,17.74%
2017-08-01,5430,5430,5430,5230,0.46K,-0.46%
2017-08-02,5429,5430,5430,5429,0.13K,0.00%
2017-08-03,5425,5425,5425,5425,0.82K,-0.08%
2017-08-04,6227,5424,6227,5424,2.30K,14.78%
2017-08-07,4982,4982,4982,4982,1.00K,-19.99%
2017-08-08,4982,5978,5978,4981,5.48K,0.00%
2017-08-09,5729,5977,5978,5729,2.48K,14.99%
2017-08-10,5230,5230,5230,5230,0.40K,-8.70%
2017-08-11,5380,5230,5380,5230,4.96K,2.86%
2017-08-15,6425,6425,6425,6425,0.01K,19.44%
2017-08-17,5729,6426,6426,5729,0.11K,-10.85%
2017-08-18,5978,6873,6873,5978,1.82K,4.35%
2017-08-21,5978,5978,6470,5978,0.70K,0.00%
2017-08-22,5753,5978,5978,5753,1.17K,-3.75%
2017-08-23,5479,5978,5978,5479,1.57K,-4.76%
2017-08-24,5479,5479,5479,5479,0.52K,0.00%
2017-08-25,5479,5479,5479,5477,1.08K,0.00%
2017-08-28,5280,5280,5430,5280,0.78K,-3.64%
2017-08-29,5380,5380,5380,5380,0.09K,1.89%
2017-08-30,5280,5330,5330,5280,2.37K,-1.85%
2017-08-31,5280,5205,5280,5181,0.16K,0.00%
2017-09-01,5280,5280,5280,5280,0.69K,0.00%
2017-09-04,5280,5280,5280,5280,14.94K,0.00%
2017-09-05,5479,5280,5479,5280,10.38K,3.77%
2017-09-06,5729,5579,5729,5479,6.66K,4.55%
2017-09-07,5729,5978,5978,5579,6.90K,0.00%
2017-09-08,5779,5773,5779,5773,2.62K,0.88%
2017-09-12,6476,5779,6476,5778,5.15K,12.06%
2017-09-13,7746,6974,7746,6974,7.62K,19.62%
2017-09-14,8966,8717,8966,8717,1.80K,15.76%
2017-09-15,9066,9215,9215,8961,2.84K,1.11%
2017-09-18,9714,9714,9714,9714,1.45K,7.14%
2017-09-19,10041,10212,10212,9714,3.81K,3.37%
2017-09-20,10959,10461,10959,9963,0.57K,9.14%
2017-09-21,10461,10884,10884,10461,0.19K,-4.55%
2017-09-25,10884,10461,10884,10461,0.68K,4.05%
2017-09-26,10959,10884,10959,10884,0.61K,0.69%
2017-09-27,12453,10958,12453,10954,3.29K,13.64%
2017-09-28,14022,12453,14197,12453,0.68K,12.60%
2017-09-29,14446,14944,14944,14446,0.70K,3.02%
2017-10-02,14944,14446,14994,14446,0.09K,3.45%
2017-10-03,15940,16438,16438,15442,0.13K,6.67%
2017-10-04,15940,15940,15940,14994,1.41K,0.00%
2017-10-05,16936,16936,16936,16936,0.16K,6.25%
2017-10-06,16887,16887,16887,16887,0.20K,-0.29%
2017-10-09,15960,15940,16438,15940,0.38K,-5.49%
2017-10-10,15472,15492,15492,15442,0.23K,-3.05%
2017-10-11,15691,15691,15691,15691,0.02K,1.41%
2017-10-13,15604,15890,15890,15442,0.33K,-0.56%
2017-10-16,15865,15865,15865,15865,0.20K,1.68%
2017-10-18,17075,16936,17435,16936,1.65K,7.63%
2017-10-19,18929,18929,18929,18929,0.20K,10.86%
2017-10-20,20300,19925,20921,19925,2.14K,7.24%
2017-10-23,20423,20423,20423,20423,0.38K,0.61%
2017-10-24,20269,20423,20423,19925,0.39K,-0.76%
2017-10-25,20236,20921,21420,19925,2.35K,-0.16%
2017-10-26,20174,20921,20921,20174,0.31K,-0.30%
2017-10-27,20423,20174,20423,19925,0.30K,1.23%
2017-10-30,20174,21917,21917,20174,3.33K,-1.22%
2017-10-31,19931,20174,20174,19626,0.41K,-1.20%
2017-11-01,20188,20423,20423,19925,6.04K,1.29%
2017-11-02,21172,20174,21420,20174,12.08K,4.87%
2017-11-03,22329,21420,22416,21420,1.10K,5.46%
2017-11-07,24148,24907,24907,23910,0.18K,8.15%
2017-11-08,21349,23910,23910,20174,4.38K,-11.59%
2017-11-09,19031,20174,20174,18431,4.03K,-10.86%
2017-11-10,18473,18431,19178,18431,0.49K,-2.93%
2017-11-13,21270,20174,22117,20174,0.22K,15.14%
2017-11-14,20081,23000,24999,20000,3.81K,-5.59%
2017-11-15,24351,22000,28800,22000,3.27K,21.26%
2017-11-16,29750,29750,29750,29750,0.82K,22.17%
2017-11-17,32786,32500,33499,32500,0.03K,10.21%
2017-11-20,33000,33000,33000,32999,0.88K,0.65%
2017-11-21,32983,32995,32995,32978,0.36K,-0.05%
2017-11-22,32990,32990,32990,32990,0.37K,0.02%
2017-11-23,35000,35000,35000,35000,0.05K,6.09%
2017-11-24,33189,34000,34000,32980,0.26K,-5.17%
2017-11-27,32982,32990,32990,32850,0.65K,-0.62%
2017-11-28,32848,32850,32850,32750,1.02K,-0.41%
2017-11-29,32850,32850,32850,32850,0.12K,0.01%
2017-11-30,32850,32850,32850,32850,1.67K,0.00%
2017-12-04,36579,33000,37000,33000,1.06K,11.35%
2017-12-05,36828,37000,37000,36000,1.45K,0.68%
2017-12-06,35824,37000,37000,35500,1.13K,-2.73%
2017-12-07,37101,37101,37101,37101,0.00K,3.56%
2017-12-12,38461,37000,39500,37000,1.35K,3.67%
2017-12-13,41329,39000,43000,39000,0.93K,7.46%
2017-12-14,43123,43500,43500,43000,0.93K,4.34%
2017-12-15,43019,43000,46750,40500,2.48K,-0.24%
2017-12-18,45000,45000,45000,45000,1.00K,4.60%
2017-12-19,44417,45500,45500,44000,0.31K,-1.30%
2017-12-20,39980,40000,40000,39000,0.20K,-9.99%
2017-12-22,41819,41900,42000,41400,1.58K,4.60%
2017-12-26,40000,40000,40000,40000,0.24K,-4.35%
2017-12-27,36178,40000,40000,36000,0.16K,-9.56%
2017-12-28,40000,40000,40000,40000,0.00K,10.56%
2017-12-29,40000,40000,40000,40000,0.05K,0.00%
2018-01-02,40000,40000,40000,40000,0.00K,0.00%
2018-01-03,39952,39950,40000,39950,0.06K,-0.12%
2018-01-04,38000,38000,38000,38000,1.00K,-4.89%
2018-01-05,39000,39000,39000,39000,0.03K,2.63%
2018-01-08,38599,37000,40000,37000,3.51K,-1.03%
2018-01-09,42000,42000,42000,42000,0.03K,8.81%
2018-01-10,42000,42000,42000,42000,0.01K,0.00%
2018-01-11,42000,42000,42000,42000,0.01K,0.00%
2018-01-12,43951,42000,50000,42000,0.16K,4.65%
2018-01-15,55000,55000,55000,55000,0.01K,25.14%
2018-01-16,64985,65000,65000,64500,0.57K,18.15%
2018-01-17,65043,70000,70000,60000,1.25K,0.09%
2018-01-18,60157,60000,66000,60000,1.08K,-7.51%
2018-01-19,67714,67000,68999,66000,0.93K,12.56%
2018-01-22,69591,68000,70001,68000,0.26K,2.77%
2018-01-23,70000,70000,70000,70000,0.10K,0.59%
2018-01-24,75000,75000,75000,75000,1.31K,7.14%
2018-01-25,75830,75000,85000,75000,0.72K,1.11%
2018-01-26,100000,100000,100000,100000,0.61K,31.87%
2018-01-29,115000,115000,115000,115000,0.77K,15.00%
2018-01-30,114183,115000,115000,110000,0.26K,-0.71%
2018-01-31,105000,105000,105000,105000,0.01K,-8.04%
2018-02-01,88456,100000,100000,84500,0.06K,-15.76%
2018-02-02,75586,75000,84000,75000,0.42K,-14.55%
2018-02-05,77228,75300,80000,75000,2.42K,2.17%
2018-02-06,88182,85000,95000,85000,1.10K,14.18%
2018-02-07,100000,100000,105000,100000,0.63K,13.40%
2018-02-08,100101,105000,105000,100000,0.50K,0.10%
2018-02-09,100000,100000,100000,100000,0.16K,-0.10%
2018-02-14,96049,100000,100000,96000,0.41K,-3.95%
2018-02-15,85208,95000,95000,85000,2.10K,-11.29%
2018-02-16,101992,101995,101995,101990,0.03K,19.70%
2018-02-19,100002,100000,101000,100000,1.28K,-1.95%
2018-02-20,109154,98000,140000,98000,15.14K,9.15%
2018-02-21,150059,150000,165000,150000,5.62K,37.47%
2018-02-22,157871,165000,165000,155000,0.25K,5.21%
2018-02-23,160000,160000,160000,160000,0.05K,1.35%
2018-02-26,163873,160000,170000,150000,9.70K,2.42%
2018-02-27,179526,180000,180000,175000,1.90K,9.55%
2018-02-28,175000,175000,175000,175000,2.37K,-2.52%
2018-03-01,172808,175000,175000,172792,5.54K,-1.25%
2018-03-02,170000,170000,170000,170000,0.48K,-1.62%
2018-03-05,170000,170000,170000,170000,0.60K,0.00%
2018-03-06,189083,198000,198000,180000,0.16K,11.23%
2018-03-07,196837,195000,200000,195000,0.83K,4.10%
2018-03-08,210336,201000,215000,201000,0.50K,6.86%
2018-03-09,237844,216000,237990,216000,3.32K,13.08%
2018-03-12,282184,257990,285000,257990,0.10K,18.64%
2018-03-13,294439,300000,300000,275000,0.56K,4.34%
2018-03-14,295576,299998,299998,276000,2.12K,0.39%
2018-03-15,285209,299000,299000,285000,11.59K,-3.51%
2018-03-16,290623,290000,310150,290000,0.28K,1.90%
2018-03-20,300772,305000,305000,299900,0.11K,3.49%
2018-03-21,250455,295000,295000,250000,2.04K,-16.73%
2018-03-22,256087,260000,260000,250000,1.35K,2.25%
2018-03-23,260000,260000,260000,260000,0.26K,1.53%
2018-03-26,259265,260000,260000,250000,0.28K,-0.28%
2018-03-27,259912,260000,260000,250000,0.68K,0.25%
2018-03-28,260000,260000,260000,260000,0.10K,0.03%
2018-04-02,245912,260000,260000,220000,0.91K,-5.42%
2018-04-03,230244,240000,240000,230000,8.66K,-6.37%
2018-04-04,251788,230000,255000,230000,1.68K,9.36%
2018-04-05,262832,280000,300000,255000,0.87K,4.39%
2018-04-06,297552,235000,300000,235000,3.82K,13.21%
2018-04-09,356726,355000,360000,350000,0.22K,19.89%
2018-04-10,409425,360000,518000,360000,4.79K,14.77%
2018-04-11,620984,621000,630000,620000,3.73K,51.67%
2018-04-12,762973,700000,800000,700000,0.26K,22.87%
2018-04-13,1013130,800000,1150000,800000,1.05K,32.79%
2018-04-16,1229000,1250000,1250000,1150000,2.32K,21.31%
2018-04-17,1241000,1250000,1260000,1002000,0.55K,0.98%
2018-04-18,1180000,1150000,1205000,1100000,0.66K,-4.92%
2018-04-20,1212000,1250000,1250000,1100000,0.98K,2.71%
2018-04-23,1250000,1250000,1250000,1250000,0.12K,3.14%
2018-04-24,1091000,1250000,1250000,1040000,18.89K,-12.72%
2018-04-25,900000,1040000,1040000,867000,0.42K,-17.51%
2018-04-26,801000,867000,1000000,800000,21.05K,-11.00%
2018-04-27,994000,1000000,1000000,980000,0.35K,24.09%
2018-04-30,1052000,1000000,1150000,1000000,0.52K,5.84%
2018-05-02,1091000,1150000,1150000,1000000,0.09K,3.71%
2018-05-03,918000,1000000,1090000,900000,1.50K,-15.86%
2018-05-04,848000,900000,900000,800000,5.52K,-7.63%
2018-05-07,817000,849990,849990,800000,0.71K,-3.66%
2018-05-08,780000,799990,799990,760000,0.20K,-4.53%
2018-05-09,751000,760000,760000,700000,1.10K,-3.72%
2018-05-10,700000,720000,720000,700000,3.51K,-6.79%
2018-05-11,700000,700000,800000,700000,3.42K,0.00%
2018-05-15,611000,700000,700000,600000,15.56K,-12.71%
2018-05-16,745000,700000,800000,700000,1.03K,21.93%
2018-05-17,878000,800000,900000,800000,10.85K,17.85%
2018-05-18,929000,900000,950000,900000,8.77K,5.81%
2018-05-21,844000,944000,944000,830000,3.06K,-9.15%
2018-05-22,891000,900000,900000,880000,1.16K,5.57%
2018-05-23,882000,890000,895000,880000,6.23K,-1.01%
2018-05-24,893000,895000,900000,880000,9.42K,1.25%
2018-05-25,915000,905000,950000,900000,3.53K,2.46%
2018-05-28,936000,940000,944000,934000,1.23K,2.30%
2018-05-29,934000,935000,940000,925000,1.49K,-0.21%
2018-05-30,998000,925000,1100000,925000,0.55K,6.85%
2018-05-31,1100000,1100000,1100000,1099000,0.35K,10.22%
2018-06-01,1094000,1100000,1150000,1000000,3.03K,-0.55%
2018-06-05,1018000,1099000,1099000,990000,1.87K,-6.95%
2018-06-06,970000,990000,990000,960000,3.96K,-4.72%
2018-06-07,969000,970000,970000,960000,1.81K,-0.10%
2018-06-08,970000,970000,970000,968000,1.10K,0.10%
2018-06-11,977000,980000,980000,970000,0.41K,0.72%
2018-06-12,972000,973000,974000,969000,1.40K,-0.51%
2018-06-13,982000,980000,1050000,975000,1.63K,1.03%
2018-06-14,1144000,1100000,1150000,1095000,7.15K,16.50%
2018-06-15,1237000,1000010,1400000,1000010,2.52K,8.13%
2018-06-18,1329000,1350000,1350000,1300000,10.88K,7.44%
2018-06-19,1680000,1600000,1760000,1600000,0.81K,26.41%
2018-06-20,2238000,1760000,2460000,1760000,1.18K,33.21%
2018-06-21,2403000,2450000,2450000,2400000,2.32K,7.37%
2018-06-22,2430000,2450000,2450000,2000000,2.29K,1.12%
2018-06-25,2465000,2399990,2500000,2300000,2.30K,1.44%
2018-06-26,2501000,2500000,2550000,2500000,8.32K,1.46%
2018-06-27,2594000,2550000,2600000,2550000,0.42K,3.72%
2018-06-28,2616000,2599000,3100000,2599000,1.89K,0.85%
2018-06-29,3096000,3100000,3100000,3094000,0.60K,18.35%
2018-07-03,3695000,3200000,4000000,3200000,1.54K,19.35%
2018-07-04,4772000,4800000,5000000,4250000,0.54K,29.15%
2018-07-06,4660000,5000000,5000000,4500000,1.57K,-2.35%
2018-07-09,3981000,4500000,4500000,3600000,0.24K,-14.57%
2018-07-10,3165000,3800000,3800000,3000000,0.51K,-20.50%
2018-07-11,2632000,2800000,3000000,2300000,2.41K,-16.84%
2018-07-12,2748000,2800000,2900000,2700000,1.34K,4.41%
2018-07-13,3329000,3000000,3500000,3000000,1.54K,21.14%
2018-07-16,4135000,4100000,4200000,3600000,0.17K,24.21%
2018-07-17,3713000,4200000,4200000,3600000,5.23K,-10.21%
2018-07-18,3911000,3900000,4050000,3611000,5.02K,5.33%
2018-07-19,3964000,3900000,4000000,3900000,0.84K,1.36%
2018-07-20,3480000,3900000,3900000,3205000,1.39K,-12.21%
2018-07-23,3469000,3550000,3600000,3400000,0.49K,-0.32%
2018-07-25,3450000,3500000,3700000,3205000,0.36K,-0.55%
2018-07-26,3303000,3300000,3600000,3300000,0.56K,-4.26%
2018-07-27,3681000,3700000,3700000,3600000,1.32K,11.44%
2018-07-30,3600000,3600000,3600000,3600000,0.10K,-2.20%
2018-08-01,3600000,3600000,3650000,3300000,1.15K,0.00%
2018-08-02,4064000,4300000,4300000,4000000,0.94K,12.89%
2018-08-03,3976000,4300000,4300000,3900000,1.99K,-2.17%
2018-08-06,4100000,39,45,39,0.20K,-100.00%
2018-08-07,4300000,44,46,40,0.34K,5.31%
2018-08-08,4300000,42,44,39,2.37K,-1.48%
2018-08-09,4000000,43,43,39,0.69K,-5.56%
2018-08-10,3900000,41,41,38,0.18K,-2.39%
2018-08-13,3800000,39,42,38,22.45K,-2.98%
2018-08-14,4200000,40,46,40,5.81K,9.90%
2018-08-15,5000000,47,50,47,6.91K,18.37%
2018-08-16,7400000,50,82,50,3.49K,49.00%
2018-08-21,161,98,180,98,1.08K,118.07%
2018-08-22,137,150,150,130,1.90K,-14.91%
2018-08-23,151,150,156,150,1.52K,10.22%
2018-08-24,150,150,160,142,3.09K,-0.66%
2018-08-27,125,145,145,114,0.36K,-16.67%
2018-08-28,111,100,120,100,1.26K,-11.20%
2018-08-29,119,115,130,115,0.20K,7.21%
2018-08-30,127,130,130,120,0.10K,6.72%
2018-08-31,127,130,135,125,0.17K,0.00%
2018-09-03,128,134,134,125,0.79K,0.79%
2018-09-04,124,125,125,120,0.18K,-3.13%
2018-09-05,124,124,132,120,3.25K,0.00%
2018-09-06,128,130,130,120,2.96K,3.23%
2018-09-07,132,130,134,130,2.85K,3.13%
2018-09-11,133,134,134,127,0.41K,0.76%
2018-09-12,127,134,134,120,1.03K,-4.51%
2018-09-13,128,128,128,125,2.53K,0.79%
2018-09-14,131,128,135,128,2.15K,2.34%
2018-09-17,128,130,130,126,0.98K,-2.29%
2018-09-18,124,120,129,120,1.02K,-3.13%
2018-09-19,119,125,125,115,2.06K,-4.00%
2018-09-20,111,125,125,100,2.16K,-6.39%
2018-09-21,100,100,101,100,0.42K,-10.25%
2018-09-24,109,115,115,105,1.14K,8.87%
2018-09-25,110,110,111,107,1.17K,1.24%
2018-09-26,116,130,130,115,5.57K,4.99%
2018-09-27,118,130,130,115,0.36K,2.21%
2018-09-28,126,125,130,115,5.19K,6.20%
2018-10-01,135,140,140,135,2.28K,7.67%
2018-10-02,136,140,140,135,3.12K,0.72%
2018-10-03,135,135,135,135,0.48K,-0.98%
2018-10-04,131,135,135,125,0.15K,-3.16%
2018-10-05,131,130,135,130,0.61K,0.00%
2018-10-08,129,129,130,129,0.61K,-1.31%
2018-10-09,129,135,135,128,1.08K,0.00%
2018-10-10,131,135,135,130,0.06K,1.96%
2018-10-11,129,133,133,125,0.85K,-2.03%
2018-10-15,130,130,130,127,2.53K,0.92%
2018-10-16,138,138,140,135,21.44K,6.06%
2018-10-17,139,140,140,138,0.43K,0.78%
2018-10-18,139,140,140,138,1.07K,0.00%
2018-10-19,145,145,148,145,0.19K,4.24%
2018-10-22,140,145,148,137,0.56K,-3.29%
2018-10-23,137,138,140,135,3.36K,-2.09%
2018-10-24,134,137,137,130,4.49K,-2.17%
2018-10-25,140,147,147,138,1.09K,3.95%
2018-10-26,140,140,147,140,2.51K,0.00%
2018-10-29,147,145,150,145,1.90K,4.82%
2018-10-30,149,147,150,146,1.95K,1.51%
2018-10-31,163,156,170,155,2.05K,9.18%
2018-11-01,161,170,170,160,1.26K,-0.96%
2018-11-02,179,170,180,170,0.62K,11.02%
2018-11-06,179,180,180,177,1.09K,0.32%
2018-11-07,192,190,200,180,1.54K,7.16%
2018-11-08,221,216,240,216,0.75K,15.10%
2018-11-09,238,240,240,237,0.77K,7.53%
2018-11-12,231,240,240,210,1.83K,-3.05%
2018-11-13,230,230,230,230,24.03K,-0.31%
2018-11-14,237,240,240,230,0.28K,3.14%
2018-11-15,225,230,230,220,4.76K,-5.14%
2018-11-16,221,220,225,220,1.18K,-1.70%
2018-11-19,203,240,240,185,1.29K,-8.32%
2018-11-20,153,180,180,150,3.28K,-24.54%
2018-11-21,157,170,170,150,11.15K,2.37%
2018-11-22,165,165,170,165,1.76K,5.55%
2018-11-23,172,175,185,165,4.98K,4.02%
2018-11-26,180,181,181,180,2.64K,4.85%
2018-11-27,212,200,260,195,4.09K,17.66%
2018-11-28,303,290,310,290,5.60K,42.75%
2018-11-29,317,310,340,310,1.66K,4.56%
2018-11-30,402,385,408,350,2.38K,26.97%
2018-12-03,447,450,450,439,3.67K,11.22%
2018-12-04,459,538,538,450,1.17K,2.73%
2018-12-05,448,455,455,400,4.57K,-2.40%
2018-12-06,395,425,425,345,0.26K,-11.94%
2018-12-07,287,345,345,276,0.06K,-27.35%
2018-12-10,323,300,360,300,1.27K,12.45%
2018-12-11,353,355,380,340,0.67K,9.32%
2018-12-12,312,340,340,300,0.57K,-11.49%
2018-12-13,287,300,300,270,1.87K,-7.97%
2018-12-14,318,320,320,300,0.68K,10.77%
2018-12-17,372,384,384,340,0.04K,16.94%
2018-12-18,319,340,350,310,25.19K,-14.35%
2018-12-19,352,370,370,325,6.76K,10.43%
2018-12-20,370,370,400,370,2.22K,5.19%
2018-12-21,399,380,400,380,3.08K,7.71%
2018-12-26,457,450,479,410,2.09K,14.66%
2018-12-27,571,570,575,570,1.68K,24.97%
2018-12-28,590,590,590,590,1.57K,3.27%
2019-01-02,590,590,590,590,0.02K,0.00%
2019-01-03,590,590,590,590,5.38K,0.00%
2019-01-04,590,590,590,590,13.72K,0.00%
2019-01-07,773,700,840,700,3.40K,31.00%
2019-01-08,943,950,950,840,1.29K,22.02%
2019-01-09,849,908,950,800,12.18K,-9.93%
2019-01-10,859,900,900,850,8.53K,1.15%
2019-01-11,1058,880,1250,880,26.24K,23.19%
2019-01-14,1286,1300,2160,1250,3.51K,21.53%
2019-01-15,1968,2200,2250,1728,25.67K,52.97%
2019-01-16,1723,1728,1800,1650,1.83K,-12.41%
2019-01-17,1730,1800,1800,1700,5.11K,0.40%
2019-01-18,1749,1750,1750,1700,0.30K,1.09%
2019-01-21,1742,1700,1750,1700,0.40K,-0.43%
2019-01-22,1734,1900,1900,1700,9.76K,-0.45%
2019-01-23,1702,1750,1750,1700,0.21K,-1.86%
2019-01-24,1700,1700,1700,1700,0.16K,-0.10%
2019-01-25,1863,1800,1950,1750,1.48K,9.61%
2019-01-28,1814,1900,1900,1800,0.97K,-2.64%
2019-01-29,1831,1830,1900,1815,0.70K,0.92%
2019-01-30,1801,1816,1816,1780,1.82K,-1.63%
2019-01-31,1831,1800,1850,1800,0.25K,1.68%
2019-02-01,1659,1850,1850,1650,3.60K,-9.42%
2019-02-04,1574,1450,1750,1450,6.04K,-5.09%
2019-02-05,1806,1750,1900,1750,2.02K,14.71%
2019-02-06,1849,1850,1850,1800,2.56K,2.37%
2019-02-07,1756,1800,1800,1750,150.84K,-5.00%
2019-02-08,1685,1800,1800,1650,0.82K,-4.04%
2019-02-11,1762,1750,1820,1750,0.48K,4.57%
2019-02-12,1683,1780,1780,1600,0.11K,-4.50%
2019-02-13,1523,1625,1625,1500,0.64K,-9.50%
2019-02-14,1463,1590,1590,1447,4.12K,-3.93%
2019-02-15,1722,1500,1750,1500,8.46K,17.66%
2019-02-18,1833,1750,1995,1700,7.12K,6.45%
2019-02-19,1755,1750,1800,1710,5.59K,-4.22%
2019-02-20,1937,1700,1950,1700,12.40K,10.34%
2019-02-21,1993,1950,2000,1900,3.62K,2.92%
2019-02-22,2346,2000,2800,2000,11.13K,17.68%
2019-02-25,2795,2800,2900,2750,5.10K,19.15%
2019-02-26,2831,2800,3350,2750,3.81K,1.28%
2019-02-27,3108,3000,3200,3000,2.54K,9.76%
2019-03-06,2804,3140,3140,2600,1.47K,-9.78%
2019-03-07,2738,2700,2800,2700,0.94K,-2.34%
2019-03-14,2676,2241,2750,2241,0.34K,-2.27%
2019-03-15,2463,2420,2600,2420,0.66K,-7.97%
2019-03-18,2839,2700,2900,2450,0.53K,15.27%
2019-03-20,2720,2900,2900,2700,25.67K,-4.18%
2019-03-21,2837,2850,3000,2799,3.41K,4.31%
2019-03-22,2851,2850,2900,2845,0.33K,0.49%
2019-03-25,2743,2880,2880,2700,0.33K,-3.80%
2019-03-29,2771,2700,2900,2600,5.41K,1.03%
2019-04-01,2500,3300,3300,2250,1.60K,-9.78%
2019-04-02,2140,2110,2400,2110,4.53K,-14.40%
2019-04-03,2334,2400,2400,2150,0.31K,9.07%
2019-04-04,2391,2400,2400,2200,2.62K,2.44%
2019-04-05,2388,2390,2400,2380,3.01K,-0.13%
2019-04-08,2364,2400,2400,2330,0.80K,-1.00%
2019-04-09,2302,2300,2340,2290,4.01K,-2.64%
2019-04-10,2310,2340,2350,2250,3.28K,0.36%
2019-04-11,2319,2330,2400,2295,2.15K,0.39%
2019-04-12,2373,2250,2800,2250,0.58K,2.34%
2019-04-22,3057,3000,3400,3000,3.22K,28.83%
2019-04-23,3589,3507,3840,3400,7.95K,17.40%
2019-04-24,3860,4000,4000,3600,12.66K,7.55%
2019-04-25,3617,3650,3800,3600,2.59K,-6.29%
2019-04-26,3730,3800,3800,3650,7.29K,3.11%
2019-04-29,3838,3800,4000,3800,2.23K,2.91%
2019-05-02,3935,3999,3999,3900,3.88K,2.51%
2019-05-03,3885,3900,3900,3800,1.95K,-1.28%
2019-05-06,3538,3800,3800,3500,0.70K,-8.93%
2019-05-07,3500,3500,3500,3500,0.01K,-1.07%
2019-05-08,3500,3400,3500,3400,1.62K,0.00%
2019-05-09,3515,3600,3700,3450,0.70K,0.43%
2019-05-10,3526,3500,3700,3500,7.92K,0.32%
2019-05-13,3500,3500,3500,3500,1.33K,-0.74%
2019-05-14,3406,3500,3500,3100,1.62K,-2.69%
2019-05-15,3254,3500,3500,3150,1.35K,-4.45%
2019-05-16,3268,3250,3300,3250,1.87K,0.41%
2019-05-17,3523,3300,3800,3300,1.48K,7.82%
2019-05-20,3537,3750,3750,3500,4.81K,0.40%
2019-05-21,3581,3750,3750,3500,0.76K,1.24%
2019-05-22,3650,3900,3900,3200,0.72K,1.94%
2019-05-23,3500,3500,3500,3500,0.68K,-4.11%
2019-05-24,3473,3500,3600,3300,1.46K,-0.78%
2019-05-27,3599,3600,3600,3550,0.98K,3.64%
2019-05-28,3646,3600,3700,3590,16.51K,1.30%
2019-05-29,3524,3850,3850,3500,0.12K,-3.33%
2019-05-30,3800,3800,3800,3800,0.74K,7.82%
2019-05-31,3502,3500,3650,3500,2.50K,-7.85%
2019-06-04,3500,3500,3500,3500,0.85K,-0.05%
2019-06-05,3473,3500,3600,3300,1.42K,-0.76%
2019-06-06,3300,3300,3300,3300,0.12K,-4.99%
2019-06-07,3257,3270,3280,3150,1.78K,-1.29%
2019-06-10,3107,3100,3190,3100,8.85K,-4.60%
2019-06-11,3007,3150,3150,3000,1.76K,-3.23%
2019-06-12,3008,3000,3200,2890,2.34K,0.05%
2019-06-13,3324,3150,3600,3100,1.53K,10.49%
2019-06-14,3520,3600,3600,3500,25.81K,5.89%
2019-06-18,3538,3650,3700,3500,1.78K,0.53%
2019-06-19,3697,3800,3900,3600,5.70K,4.47%
2019-06-20,3519,3500,3800,3500,50.94K,-4.81%
2019-06-21,3744,3750,3800,3700,1.78K,6.41%
2019-06-25,3601,3745,3745,3550,2.68K,-3.82%
2019-06-26,3765,3850,3850,3750,48.20K,4.56%
2019-06-27,3821,3850,3850,3750,1.36K,1.49%
2019-06-28,3751,3850,3850,3608,6.06K,-1.84%
2019-07-01,3755,3700,3900,3700,2.00K,0.13%
2019-07-02,3742,3800,3800,3700,8.24K,-0.36%
2019-07-03,3767,3789,3800,3750,2.35K,0.68%
2019-07-04,3891,3850,4000,3850,4.89K,3.28%
2019-07-08,3950,3900,3950,3900,6.34K,1.52%
2019-07-09,3817,3950,3950,3800,2.57K,-3.38%
2019-07-10,3938,3938,3950,3900,3.26K,3.17%
2019-07-11,4048,3950,4500,3950,4.45K,2.80%
2019-07-12,4579,4250,4850,4250,0.17K,13.12%
2019-07-15,4780,4850,4850,4700,3.12K,4.39%
2019-07-16,4857,4850,4930,4850,33.58K,1.62%
2019-07-17,5484,5000,5900,5000,4.61K,12.90%
2019-07-18,6286,5650,6591,5650,0.55K,14.64%
2019-07-19,6496,6500,6500,6480,0.29K,3.33%
2019-07-22,6691,6500,6800,6500,1.80K,3.01%
2019-07-25,6828,6825,6850,6825,1.23K,2.03%
2019-07-26,6849,6840,6950,6800,8.29K,0.32%
2019-07-29,6853,6980,6980,6850,5.57K,0.06%
2019-07-30,6908,6860,7000,6859,0.58K,0.79%
2019-07-31,7057,6860,8229,6860,0.92K,2.17%
2019-08-01,8510,8639,8639,8400,2.53K,20.58%
2019-08-02,8802,8800,8900,8800,27.23K,3.43%
2019-08-05,9763,9250,10500,9250,2.53K,10.92%
2019-08-06,11929,12495,12495,11500,2.23K,22.19%
2019-08-07,13010,12350,13500,12350,1.97K,9.06%
2019-08-08,13004,13200,13200,13000,6.19K,-0.04%
2019-08-09,13035,13000,13200,13000,3.13K,0.24%
2019-08-12,12926,13200,13200,12500,1.53K,-0.84%
2019-08-13,12482,12500,12500,12300,2.20K,-3.44%
2019-08-14,12463,12500,12500,12300,1.82K,-0.15%
2019-08-15,12270,12500,12500,12000,2.10K,-1.55%
2019-08-16,12056,12300,12300,12000,0.89K,-1.75%
2019-08-20,11582,12000,12000,11500,2.71K,-3.93%
2019-08-21,11595,11645,11690,11500,6.37K,0.11%
2019-08-22,11640,11680,11690,11500,0.67K,0.39%
2019-08-23,11672,11690,11690,11500,0.72K,0.28%
2019-08-26,11549,11650,11650,11500,1.58K,-1.05%
2019-08-27,11510,11650,11650,11200,28.37K,-0.33%
2019-08-28,11492,11500,11500,11400,5.17K,-0.16%
2019-08-29,11500,11500,11500,11500,7.20K,0.07%
2019-08-30,11729,11500,13700,11500,5.11K,1.99%
2019-09-02,13658,13700,15050,12600,2.12K,16.46%
2019-09-03,17517,17500,18000,17500,8.46K,28.25%
2019-09-04,16917,17000,17500,15000,3.06K,-3.43%
2019-09-05,16032,16200,16900,15965,0.13K,-5.23%
2019-09-06,15958,16000,16000,15950,1.80K,-0.46%
2019-09-09,15980,15980,16500,15980,5.26K,0.14%
2019-09-10,14310,16000,16000,14000,4.69K,-10.45%
2019-09-11,14171,14900,14900,14000,3.10K,-0.97%
2019-09-12,14837,14900,15000,14500,0.71K,4.70%
2019-09-13,14716,14800,14800,14500,0.31K,-0.82%
2019-09-17,14500,14500,14500,14490,9.83K,-1.47%
2019-09-18,13656,13500,14000,13500,1.96K,-5.82%
2019-09-19,13336,13500,14300,13200,4.15K,-2.34%
2019-09-20,14098,14250,14250,14000,1.59K,5.71%
2019-09-23,14205,14250,14250,14199,0.66K,0.76%
2019-09-24,14100,14050,14180,14050,0.25K,-0.74%
2019-09-25,14055,14160,14160,14045,28.94K,-0.32%
2019-09-26,14028,14045,14045,14020,0.30K,-0.19%
2019-09-27,14000,14000,14000,14000,0.50K,-0.20%
2019-09-30,13958,14000,14000,13945,0.09K,-0.30%
2019-10-01,13898,13950,13950,13890,0.15K,-0.43%
2019-10-02,13896,13890,14000,13880,0.21K,-0.01%
2019-10-03,13689,13700,13800,13500,1.75K,-1.49%
2019-10-04,13565,13900,13900,13500,1.23K,-0.91%
2019-10-07,13000,13000,13000,13000,0.20K,-4.16%
2019-10-08,12812,12950,12950,12800,1.62K,-1.45%
2019-10-09,12801,12800,13500,12800,1.34K,-0.08%
2019-10-10,13000,13000,13000,13000,0.62K,1.55%
2019-10-11,12830,13200,13200,12800,2.14K,-1.31%
2019-10-14,12557,12800,12800,12000,0.87K,-2.13%
2019-10-15,12623,12800,12800,12200,1.02K,0.53%
2019-10-16,12754,12750,12800,12700,1.66K,1.04%
2019-10-17,12136,12700,12700,12001,0.84K,-4.84%
2019-10-18,12024,12500,12500,12000,2.46K,-0.93%
2019-10-21,12000,12000,12000,12000,0.19K,-0.20%
2019-10-22,11905,11990,11990,11600,4.59K,-0.79%
2019-10-23,11994,12000,12100,11950,2.34K,0.74%
2019-10-24,12080,12100,12100,12050,0.62K,0.72%
2019-10-25,12780,12100,13000,12100,1.02K,5.80%
2019-10-28,13386,13150,13500,13150,0.75K,4.75%
2019-10-29,13474,13500,13500,13399,40.78K,0.66%
2019-10-30,12950,13400,13400,12500,0.08K,-3.89%
2019-10-31,11227,12600,12600,11000,1.64K,-13.31%
2019-11-01,11703,12000,12000,11650,3.65K,4.25%
2019-11-05,12766,12000,12800,12000,1.72K,9.08%
2019-11-06,12827,12799,13000,12799,0.52K,0.48%
2019-11-07,12901,12800,13500,12800,1.00K,0.58%
2019-11-08,14000,14000,14000,13990,0.68K,8.52%
2019-11-11,14397,14500,14500,14100,1.03K,2.84%
2019-11-12,14812,14400,15000,14400,1.66K,2.88%
2019-11-13,15795,15000,16499,15000,1.14K,6.64%
2019-11-14,15921,16000,16000,15900,2.32K,0.80%
2019-11-15,15294,15600,15600,15000,1.00K,-3.94%
2019-11-18,16192,16000,16500,16000,0.39K,5.87%
2019-11-19,16488,16000,16800,16000,3.73K,1.83%
2019-11-20,16486,17399,17399,16000,1.15K,-0.01%
2019-11-21,16316,16500,16500,16290,0.55K,-1.03%
2019-11-22,16289,16290,16290,16289,0.50K,-0.16%
2019-11-25,15790,16289,16289,15000,29.94K,-3.06%
2019-11-26,15294,15800,16100,14999,1.01K,-3.14%
2019-11-27,14621,14800,15000,14000,18.63K,-4.40%
2019-11-28,16072,16049,16100,16000,2.28K,9.92%
2019-11-29,16211,16499,16499,16200,4.92K,0.87%
2019-12-02,16422,16500,16500,16100,1.54K,1.30%
2019-12-03,16471,16500,19400,16100,1.25K,0.30%
2019-12-04,16170,16300,16300,16100,2.03K,-1.83%
2019-12-05,16944,16300,17000,16300,0.28K,4.79%
2019-12-06,17164,17500,18000,17000,1.74K,1.30%
2019-12-09,17775,18000,18000,17500,1.28K,3.56%
2019-12-10,17550,17775,17800,17000,1.27K,-1.27%
2019-12-11,17632,17694,17694,17400,0.05K,0.47%
2019-12-12,16541,17000,17000,16500,0.79K,-6.19%
2019-12-13,15890,16000,16000,15100,12.76K,-3.94%
2019-12-16,15211,15500,15500,15200,1.12K,-4.27%
2019-12-17,14526,15189,15189,14000,10.80K,-4.50%
2019-12-18,16327,14400,17000,14400,15.29K,12.40%
2019-12-19,17127,17000,17600,17000,1.45K,4.90%
2019-12-20,17489,17000,20400,17000,0.73K,2.12%
2019-12-23,23150,21000,23900,21000,156.69K,32.37%
2019-12-26,23957,23950,24000,23950,3.55K,3.48%
2019-12-27,26990,27000,27000,26900,9.54K,12.66%
2019-12-30,28668,27502,32399,27502,0.32K,6.22%
2020-01-02,34000,34000,34000,34000,0.14K,18.60%
2020-01-03,39404,39500,39500,34000,0.17K,15.89%
2020-01-07,34001,34500,34500,34000,10.72K,-13.71%
2020-01-08,34000,34000,34000,33999,7.53K,0.00%
2020-01-09,33984,34100,34100,33500,30.86K,-0.05%
2020-01-10,33922,33990,33990,33700,1.55K,-0.18%
2020-01-13,33889,33889,33889,33889,3.22K,-0.10%
2020-01-15,31899,31900,31900,31899,0.25K,-5.87%
2020-01-16,30523,31899,31899,28000,0.31K,-4.31%
2020-01-17,27999,27999,27999,27999,4.88K,-8.27%
2020-01-21,27832,28000,28000,27799,1.21K,-0.60%
2020-01-22,25535,22300,25550,22300,1.81K,-8.25%
2020-01-23,25581,25550,26550,25550,9.86K,0.18%
2020-01-24,26820,28000,28000,26000,1.60K,4.84%
2020-01-27,26775,26000,28000,26000,1.66K,-0.17%
2020-01-28,27999,27000,28001,27000,4.53K,4.57%
2020-01-29,31932,30000,33000,30000,0.67K,14.05%
2020-01-30,35000,35000,35000,35000,0.40K,9.61%
2020-01-31,36091,36000,36900,36000,0.21K,3.12%
2020-02-03,37289,37500,37500,36700,0.17K,3.32%
2020-02-04,36284,36500,36500,36000,0.15K,-2.70%
2020-02-05,34774,36000,36000,34000,1.88K,-4.16%
2020-02-06,34577,34000,35500,34000,0.72K,-0.56%
2020-02-07,34309,34375,35371,33876,12.63K,-0.78%
2020-02-10,33996,31884,35371,31884,4.75K,-0.91%
2020-02-11,35876,35869,35969,35869,2.04K,5.53%
2020-02-12,35990,35869,36865,35869,1.19K,0.32%
2020-02-13,37454,37364,37862,37364,1.36K,4.07%
2020-02-14,39864,39855,41847,39755,0.87K,6.43%
2020-02-17,39485,39855,39855,37862,1.78K,-0.95%
2020-02-18,39813,40000,40000,39000,2.49K,0.83%
2020-02-19,39776,39999,40000,39000,36.69K,-0.09%
2020-02-20,39001,39000,40000,39000,4.79K,-1.95%
2020-02-21,38478,39000,39000,35000,0.03K,-1.34%
2020-02-26,38450,38450,38450,38450,0.03K,-0.07%
2020-02-27,31351,32000,32000,31000,0.68K,-18.46%
2020-02-28,35394,35000,36000,34000,2.43K,12.90%
2020-03-02,34065,34490,34490,33499,11.92K,-3.76%
2020-03-03,36063,36000,37000,36000,0.71K,5.87%
2020-03-04,35987,36000,38050,34500,1.77K,-0.21%
2020-03-05,38000,38000,38000,38000,0.83K,5.59%
2020-03-06,38086,38000,39000,38000,2.41K,0.23%
2020-03-10,39012,39000,39015,39000,2.35K,2.43%
2020-03-11,39060,39100,39100,39000,3.73K,0.12%
2020-03-12,39142,39015,40000,39015,0.43K,0.21%
2020-03-13,39001,39015,39015,39000,1.00K,-0.36%
2020-03-16,39500,39500,39500,39500,0.41K,1.28%
2020-03-17,39500,39500,39500,39500,0.88K,0.00%
2020-03-18,39500,39500,39500,39500,1.05K,0.00%
2020-03-20,39500,39500,39500,39500,0.09K,0.00%
2020-03-23,39378,39500,39500,39000,0.05K,-0.31%
2020-03-24,37250,37250,37250,37250,0.06K,-5.40%
2020-03-25,37250,37250,37250,37250,0.00K,0.00%
2020-03-26,37000,37000,37000,37000,0.01K,-0.67%
2020-03-27,34293,36000,36000,34000,1.83K,-7.32%
2020-03-30,34324,34000,37000,34000,1.15K,0.09%
2020-03-31,38567,38000,39000,38000,0.07K,12.36%
2020-04-01,39881,39050,40000,39000,0.17K,3.41%
2020-04-02,39550,39500,40000,39500,0.74K,-0.83%
2020-04-03,40000,40000,40000,40000,0.05K,1.14%
2020-04-06,45560,41000,46000,41000,0.16K,13.90%
2020-04-07,47266,46000,50000,46000,1.66K,3.74%
2020-04-08,51035,50000,55000,50000,1.46K,7.97%
2020-04-13,62897,60000,64000,60000,0.32K,23.24%
2020-04-14,64000,64000,64000,63999,0.77K,1.75%
2020-04-15,63989,63999,63999,63450,0.78K,-0.02%
2020-04-16,60525,63450,63450,58500,1.58K,-5.41%
2020-04-17,55424,57600,57600,50000,8.37K,-8.43%
2020-04-20,49516,50000,51000,49000,10.71K,-10.66%
2020-04-21,51161,50000,59500,50000,3.10K,3.32%
2020-04-22,54946,54000,58000,49500,26.87K,7.40%
2020-04-23,58000,58000,58000,58000,0.62K,5.56%
2020-04-24,58226,58000,60000,58000,2.30K,0.39%
2020-04-27,62155,60000,63000,60000,3.34K,6.75%
2020-04-28,62845,62010,65000,62000,0.23K,1.11%
2020-04-29,67387,66000,75000,65000,0.44K,7.23%
2020-04-30,72966,85000,85000,72000,1.42K,8.28%
2020-05-04,78865,80000,80000,75000,0.41K,8.08%
2020-05-05,80022,79999,85000,79999,1.12K,1.47%
2020-05-06,84704,84500,89999,79999,6.75K,5.85%
2020-05-07,90000,90000,90000,90000,0.22K,6.25%
2020-05-08,91873,90000,94500,90000,2.80K,2.08%
2020-05-11,97055,107990,107990,96000,1.00K,5.64%
2020-05-12,98526,97000,100000,97000,0.51K,1.52%
2020-05-13,95000,95000,95000,94999,0.54K,-3.58%
2020-05-14,94728,95000,95000,94497,0.54K,-0.29%
2020-05-15,95913,100000,100000,90000,0.08K,1.25%
2020-05-18,90129,95000,95000,90000,0.12K,-6.03%
2020-05-19,90146,93800,93800,90000,0.20K,0.02%
2020-05-20,89988,90000,90000,89950,0.03K,-0.17%
2020-05-21,85983,86000,86000,85900,0.18K,-4.45%
2020-05-22,88288,90000,90000,85900,0.92K,2.68%
2020-05-26,84410,85900,86450,84000,0.41K,-4.39%
2020-05-27,82617,81000,85000,81000,0.06K,-2.12%
2020-05-28,87471,90000,90000,86000,37.87K,5.88%
2020-05-29,85232,88000,88000,85000,1.19K,-2.56%
2020-06-01,85081,85000,85500,85000,0.19K,-0.18%
2020-06-02,84786,85000,90000,84000,1.00K,-0.35%
2020-06-03,89218,89999,89999,89000,1.68K,5.23%
2020-06-04,84676,88000,88000,84000,0.59K,-5.09%
2020-06-05,87030,90000,90000,85000,0.11K,2.78%
2020-06-08,87381,90000,90000,85000,0.02K,0.40%
2020-06-09,83442,85000,85000,83000,5.13K,-4.51%
2020-06-10,83016,83000,85000,82800,0.32K,-0.51%
2020-06-11,86139,88000,88000,83500,0.70K,3.76%
2020-06-12,84792,88000,88000,84000,0.45K,-1.56%
2020-06-16,83171,85510,85510,80000,0.79K,-1.91%
2020-06-17,83235,84000,85000,80000,90.73K,0.08%
2020-06-18,82246,82500,82500,80000,1.68K,-1.19%
2020-06-19,80000,80000,80000,80000,0.12K,-2.73%
2020-06-22,80000,80000,80000,80000,0.38K,0.00%
2020-06-23,81954,80000,84000,80000,0.32K,2.44%
2020-06-25,81506,84000,84000,70000,0.83K,-0.55%
2020-06-26,83479,79500,83900,79500,3.96K,2.42%
2020-06-30,79313,80000,80000,79000,0.05K,-4.99%
2020-07-01,79000,79000,79000,79000,0.56K,-0.39%
2020-07-02,79000,79000,79000,79000,0.05K,0.00%
2020-07-03,75648,79000,79000,75000,0.73K,-4.24%
2020-07-06,75095,75000,79000,75000,1.19K,-0.73%
2020-07-07,73110,73000,75000,73000,0.15K,-2.64%
2020-07-08,75000,75000,75000,75000,0.44K,2.59%
2020-07-09,78205,77500,80000,77000,0.08K,4.27%
2020-07-10,80687,80000,82000,80000,0.36K,3.17%
2020-07-13,80061,80000,82000,80000,0.47K,-0.78%
2020-07-14,82000,82000,82000,82000,0.03K,2.42%
2020-07-15,80499,80000,81498,80000,0.08K,-1.83%
2020-07-17,82000,82000,82000,82000,0.04K,1.86%
2020-07-20,82407,81000,85000,81000,0.31K,0.50%
2020-07-21,85000,85000,85000,85000,0.06K,3.15%
2020-07-22,84933,85000,85000,84000,0.41K,-0.08%
2020-07-23,87672,85000,90000,85000,2.87K,3.22%
2020-07-27,87847,90000,90000,87500,0.23K,0.20%
2020-07-28,90465,89000,92000,89000,1.18K,2.98%
2020-07-29,92061,92000,92100,91100,2.65K,1.76%
2020-07-30,92517,93000,93000,92501,0.52K,0.50%
2020-07-31,92607,93001,93001,92000,3.64K,0.10%
2020-08-04,93108,93000,95000,93000,0.28K,0.54%
2020-08-05,96652,95000,100000,95000,1.58K,3.81%
2020-08-06,99948,100000,100000,99900,2.57K,3.41%
2020-08-07,113412,105000,115000,105000,0.72K,13.47%
2020-08-10,115000,115000,115000,115000,0.49K,1.40%
2020-08-11,113000,115000,115000,112000,0.95K,-1.74%
2020-08-12,111933,112000,112000,110000,0.11K,-0.94%
2020-08-13,115000,115000,115000,115000,4.05K,2.74%
2020-08-14,119412,120000,120000,117000,0.10K,3.84%
2020-08-17,114224,115000,117000,112000,0.78K,-4.34%
2020-08-18,110283,112000,112000,110000,3.42K,-3.45%
2020-08-19,108299,107000,114000,107000,41.82K,-1.80%
2020-08-20,110651,110000,115000,110000,4.42K,2.17%
2020-08-21,113660,114000,115000,113000,0.60K,2.72%
2020-08-24,114975,115000,115000,114000,2.21K,1.16%
2020-08-25,115250,115000,116000,115000,2.54K,0.24%
2020-08-26,104106,94001,116000,94001,0.58K,-9.67%
2020-08-27,115238,117000,119999,115000,1.32K,10.69%
2020-08-28,115007,115000,119000,115000,2.92K,-0.20%
2020-08-31,115426,115000,118000,114999,2.97K,0.36%
2020-09-01,116131,117000,117000,116000,0.22K,0.61%
2020-09-02,111963,116000,116000,111000,0.92K,-3.59%
2020-09-03,113639,114000,115000,113000,0.92K,1.50%
2020-09-04,113000,113000,113000,112999,0.49K,-0.56%
2020-09-07,113000,113000,113000,113000,2.44K,0.00%
2020-09-08,112888,113000,113000,112500,0.28K,-0.10%
2020-09-09,112583,113000,113000,112500,0.21K,-0.27%
2020-09-10,112144,112500,112500,111500,0.86K,-0.39%
2020-09-11,112000,112000,112000,112000,0.45K,-0.13%
2020-09-15,111999,112000,112000,111999,0.01K,0.00%
2020-09-16,110051,110000,112000,110000,0.55K,-1.74%
2020-09-17,110243,112000,112000,110000,0.44K,0.17%
2020-09-18,108192,110000,110000,100100,0.64K,-1.86%
2020-09-21,105455,110000,110000,105000,0.19K,-2.53%
2020-09-22,104644,110000,110000,100100,2.75K,-0.77%
2020-09-23,101000,101000,101000,101000,0.86K,-3.48%
2020-09-24,100666,100050,101000,100050,2.51K,-0.33%
2020-09-25,101920,101000,113000,101000,2.38K,1.25%
2020-09-28,113000,113000,113000,113000,0.38K,10.87%
2020-09-29,112000,112000,112000,112000,38.46K,-0.88%
2020-09-30,112088,112000,115000,112000,0.51K,0.08%
2020-10-01,111734,119999,119999,111000,1.48K,-0.32%
2020-10-02,112000,112000,112000,112000,0.37K,0.24%
2020-10-05,110007,112000,112000,110000,1.17K,-1.78%
2020-10-06,113953,113000,118000,113000,1.39K,3.59%
2020-10-07,116062,118000,118000,115000,1.34K,1.85%
2020-10-08,118903,117000,125000,117000,1.16K,2.45%
2020-10-09,119000,119000,119000,119000,0.62K,0.08%
2020-10-13,117092,119000,119000,115000,2.27K,-1.60%
2020-10-14,115078,115000,116000,115000,0.44K,-1.72%
2020-10-15,115010,115500,115500,115000,2.09K,-0.06%
2020-10-20,115888,116000,116000,110000,2.95K,0.76%
2020-10-21,112017,112000,113000,112000,2.28K,-3.34%
2020-10-23,135600,135600,135600,135600,22.88K,21.05%
2020-10-26,130000,130000,130000,130000,3.31K,-4.13%
2020-10-27,135000,135000,135000,135000,0.00K,3.85%
2020-10-28,130018,130000,135000,130000,51.60K,-3.69%
2020-10-29,130000,130000,130000,130000,15.35K,-0.01%
2020-10-30,139028,134000,140000,133000,14.54K,6.94%
2020-11-02,140683,140000,141000,140000,1.38K,1.19%
2020-11-03,162320,168000,168000,161000,2.81K,15.38%
2020-11-04,169333,170000,170000,166000,38.31K,4.32%
2020-11-05,174609,175000,180000,170000,1.76K,3.12%
2020-11-06,190011,190000,195000,190000,0.94K,8.82%
2020-11-09,190000,190000,190000,190000,0.06K,-0.01%
2020-11-10,192924,190000,200000,190000,1.19K,1.54%
2020-11-11,200000,200000,200000,200000,0.68K,3.67%
2020-11-12,217735,215000,225000,215000,0.46K,8.87%
2020-11-13,215000,215000,215000,215000,1.43K,-1.26%
2020-11-16,212170,215000,215000,200000,0.11K,-1.32%
2020-11-17,200000,200000,200000,200000,0.17K,-5.74%
2020-11-18,194104,195000,195000,193500,0.10K,-2.95%
2020-11-19,194000,194000,194000,194000,0.08K,-0.05%
2020-11-20,200673,200000,209000,200000,0.71K,3.44%
2020-11-24,219500,209000,225000,209000,1.02K,9.38%
2020-11-25,225000,225000,225000,225000,1.22K,2.51%
2020-11-26,260566,260000,270000,260000,0.53K,15.81%
2020-11-27,342618,300000,370000,300000,0.63K,31.49%
2020-11-30,441928,380000,450000,380000,2.11K,28.99%
2020-12-01,450000,450000,450050,450000,0.19K,-99.90%
2020-12-02,450000,450,475,450,57.41K,0.00%
2020-12-03,450000,450,450,450,12.23K,0.00%
2020-12-04,450000,450,450,450,3.87K,0.00%
2020-12-07,450000,450,450,450,3.48K,0.00%
2020-12-08,433000,450,450,425,4.68K,-3.78%
2020-12-09,400000,400,400,400,5.56K,-7.61%
2020-12-10,400000,400,400,400,1.47K,0.00%
2020-12-11,400000,400,400,400,0.05K,0.00%
2020-12-15,398000,380,400,380,7.69K,-0.55%
2020-12-16,356000,400,400,350,3.37K,-10.61%
2020-12-17,361000,375,375,350,0.37K,1.51%
2020-12-18,350000,350000,350000,350000,7.69K,"96,863.65%"
2020-12-21,350000,350000,350000,350000,38.11K,0.00%
2020-12-22,356490,400000,400000,350000,0.08K,1.85%
2020-12-23,350780,350000,400000,350000,1.64K,-1.60%
2020-12-28,417030,419990,419990,399000,0.22K,18.89%
2020-12-29,399000,399000,399010,399000,1.42K,-4.32%
2020-12-30,400000,400000,400000,400000,2.29K,0.25%
2021-01-04,400000,400010,400010,400000,0.52K,0.00%
2021-01-05,404380,420000,425000,400000,0.21K,1.10%
2021-01-06,448350,450000,450000,440000,11.30K,10.87%
2021-01-07,453230,450000,534000,450000,4.23K,1.09%
2021-01-08,584890,534000,600000,534000,4.10K,29.05%
2021-01-12,597360,600000,600000,550000,0.43K,2.13%
2021-01-13,577850,599000,599000,568000,0.18K,-3.27%
2021-01-14,568070,570000,570000,568000,3.34K,-1.69%
2021-01-15,549800,569000,569000,546000,16.32K,-3.22%
2021-01-19,550000,550000,550000,549990,2.23K,0.04%
2021-01-20,570000,570000,570000,570000,3.30K,3.64%
2021-01-21,592540,570000,600000,570000,0.07K,3.95%
2021-01-22,591080,575000,600000,575000,3.54K,-0.25%
2021-01-25,591000,591000,591000,591000,1.54K,-0.01%
2021-01-26,598310,595000,600000,595000,0.30K,1.24%
2021-01-27,620410,699990,700000,610000,45.23K,3.69%
2021-01-28,615250,615000,620010,614010,5.42K,-0.83%
2021-01-29,628000,630000,630000,625000,6.23K,2.07%
2021-02-01,629060,630000,630000,628000,4.90K,0.17%
2021-02-02,620600,628000,630000,620000,1.66K,-1.34%
2021-02-03,608730,620000,625000,600000,10.43K,-1.91%
2021-02-04,619730,620000,625000,619000,0.20K,1.81%
2021-02-05,616640,625000,625000,615000,2.90K,-0.50%
2021-02-08,607620,610000,610000,604000,13.49K,-1.46%
2021-02-09,551320,550000,609000,550000,9.79K,-9.27%
2021-02-10,580640,609000,615000,570000,9.50K,5.32%
2021-02-11,600000,600000,600000,600000,3.74K,3.33%
2021-02-12,604220,610000,610000,600000,7.20K,0.70%
2021-02-17,599990,600000,600000,599990,0.98K,-0.70%
2021-02-18,599990,599990,599990,599990,0.01K,0.00%
2021-02-19,600000,600000,600000,600000,1.36K,0.00%
2021-02-22,599960,599990,599990,599000,0.36K,-0.01%
2021-02-23,600270,600000,601000,600000,4.78K,0.05%
2021-02-24,600000,605000,605000,600000,3.80K,-0.04%
2021-02-25,600000,600000,600000,600000,1.59K,0.00%
2021-02-26,601480,699990,699990,600000,0.57K,0.25%
2021-03-01,620830,619000,700000,615000,6.33K,3.22%
2021-03-02,701720,700000,720000,700000,16.81K,13.03%
2021-03-03,666390,650000,699990,650000,7.10K,-5.03%
2021-03-04,673970,675000,675000,670000,0.13K,1.14%
2021-03-05,673250,674000,675000,650000,7.24K,-0.11%
2021-03-08,680000,680000,680000,680000,0.00K,1.00%
2021-03-09,677870,670000,680000,670000,5.83K,-0.31%
2021-03-10,690680,690000,695000,690000,5.39K,1.89%
2021-03-11,692980,700000,700000,690000,0.89K,0.33%
2021-03-12,700000,700000,700000,700000,3.56K,1.01%
2021-03-15,700000,700000,700000,699980,5.48K,0.00%
2021-03-16,720200,700000,725000,700000,109.32K,2.89%
2021-03-17,752500,850000,850000,730000,13.64K,4.48%
2021-03-18,730600,701000,750000,701000,1.34K,-2.91%
2021-03-22,749470,750000,750000,745000,1.32K,2.58%
2021-03-23,745360,749000,749000,732000,0.04K,-0.55%
2021-03-24,730690,732000,732000,725000,0.54K,-1.97%
2021-03-25,731060,730000,750000,725000,1.75K,0.05%
2021-03-26,819500,824000,824000,800000,0.02K,12.10%
2021-03-30,820800,800000,832000,800000,0.10K,0.16%
2021-03-31,831490,850000,850000,829000,0.74K,1.30%
2021-04-05,830000,830000,830000,830000,0.60K,-0.18%
2021-04-06,830000,830000,830000,830000,2.11K,0.00%
2021-04-07,820470,830000,830000,819000,0.39K,-1.15%
2021-04-08,814090,820000,820000,799000,3.05K,-0.78%
2021-04-09,804820,805000,805000,800000,0.36K,-1.14%
2021-04-12,807880,805000,819000,805000,3.03K,0.38%
2021-04-13,814500,814500,814500,814500,0.21K,0.82%
2021-04-14,800930,809000,809000,800000,5.04K,-1.67%
2021-04-15,807610,808000,830000,800000,14.08K,0.83%
2021-04-16,840010,840000,840010,840000,5.21K,4.01%
2021-04-20,878970,845000,955000,845000,1.52K,4.64%
2021-04-21,1012180,1079000,1079000,965000,6.05K,15.16%
2021-04-22,1026020,1100000,1100000,1021000,4.29K,1.37%
2021-04-23,1111170,1031000,1223000,1031000,0.67K,8.30%
2021-04-26,1321480,1223000,1465000,1223000,4.99K,18.93%
2021-04-27,1500060,1600000,1600000,1500000,1.78K,13.51%
2021-04-28,1768910,1650000,1799990,1650000,6.37K,17.92%
2021-04-29,1989890,1950000,2030000,1880000,0.33K,12.49%
2021-04-30,1917280,2030000,2030000,1800000,5.88K,-3.65%
2021-05-03,1882080,1900000,1900000,1800000,1.88K,-1.84%
2021-05-04,1780360,1800000,1890000,1650000,0.71K,-5.40%
2021-05-05,1674980,1700000,1700000,1600000,3.12K,-5.92%
2021-05-06,1688970,1670000,1870000,1670000,1.52K,0.84%
2021-05-07,1799710,1801000,1801000,1790000,10.96K,6.56%
2021-05-10,1801670,1805000,1805000,1800000,4.48K,0.11%
2021-05-11,1786130,1800000,1800000,1779000,6.30K,-0.86%
2021-05-12,1700650,1779000,1779000,1700000,3.25K,-4.79%
2021-05-13,1699990,1700000,1700000,1699000,0.89K,-0.04%
2021-05-14,1697140,1700000,1700000,1690000,3.58K,-0.17%
2021-05-17,1650930,1690000,1690000,1650000,4.61K,-2.72%
2021-05-18,1650000,1650000,1650000,1650000,6.60K,-0.06%
2021-05-19,1651810,1650000,1800000,1650000,17.61K,0.11%
2021-05-20,1724480,1700000,1800000,1700000,2.01K,4.40%
2021-05-21,1722550,1800000,1900000,1700000,5.46K,-0.11%
2021-05-25,1763170,1800000,1800000,1740000,0.25K,2.36%
2021-05-26,1702820,1740000,1740000,1700000,3.38K,-3.42%
2021-05-27,1700000,1700000,1700000,1700000,12.47K,-0.17%
2021-05-28,1743810,1700000,1800000,1700000,2.05K,2.58%
2021-05-31,1700000,1700000,1700000,1700000,7.04K,-2.51%
2021-06-01,1675740,1700000,1700000,1600000,3.53K,-1.43%
2021-06-02,1606180,1700000,1700000,1600000,5.19K,-4.15%
2021-06-03,1622840,1699000,1699000,1600000,3.79K,1.04%
2021-06-04,1631530,1650000,1661000,1600000,4.62K,0.54%
2021-06-07,1579200,1600000,1600000,1549500,5.96K,-3.21%
2021-06-08,1613070,1580000,1650000,1580000,8.76K,2.14%
2021-06-09,1650970,1650000,1675000,1650000,6.46K,2.35%
2021-06-10,1511750,1700000,1700000,1500000,7.37K,-8.43%
2021-06-11,1686350,1700000,1700000,1680000,2.57K,11.55%
2021-06-15,1608140,1680000,1680000,1599990,2.32K,-4.64%
2021-06-16,1599980,1601000,1601000,1599900,1.53K,-0.51%
2021-06-17,1599900,1599900,1599900,1599900,2.05K,-0.01%
2021-06-18,1597210,1599900,1601000,1595000,2.96K,-0.17%
2021-06-21,1573770,1595000,1595000,1550000,2.55K,-1.47%
2021-06-22,1617330,1601000,1650010,1601000,2.44K,2.77%
2021-06-23,1749630,1701000,1750000,1701000,0.40K,8.18%
2021-06-25,1734000,1800000,1800000,1700000,0.27K,-0.89%
2021-06-29,1771310,1700000,1800000,1700000,0.04K,2.15%
2021-06-30,1770320,1800000,1800000,1750000,0.33K,-0.06%
2021-07-01,1750370,1750000,1794990,1750000,0.62K,-1.13%
2021-07-02,1794810,1795000,1795000,1794000,1.34K,2.54%
2021-07-06,1742220,1751000,1751000,1700000,0.28K,-2.93%
2021-07-07,1652330,1700000,1700000,1650000,2.34K,-5.16%
2021-07-08,1700000,1700000,1700000,1700000,1.44K,2.89%
2021-07-09,1605580,1695000,1695000,1600000,1.95K,-5.55%
2021-07-12,1600000,1600000,1600000,1599990,2.88K,-0.35%
2021-07-13,1601520,1599990,1650000,1599990,1.99K,0.10%
2021-07-14,1607640,1700000,1700000,1602000,42.90K,0.38%
2021-07-15,1699100,1700000,1800000,1680000,7.62K,5.69%
2021-07-16,1754860,1800000,2000000,1725000,4.03K,3.28%
2021-07-19,2000000,2000000,2000000,1999990,3.15K,13.97%
2021-07-20,2062580,2040000,2100010,2000000,4.43K,3.13%
2021-07-21,2105390,2099990,2150000,2099990,4.83K,2.08%
2021-07-22,2108030,2149990,2150000,2100000,7.56K,0.13%
2021-07-23,2158710,2150000,2225000,2125000,2.28K,2.40%
2021-07-26,2247920,2249900,2249900,2247900,4.24K,4.13%
2021-07-27,2001650,2237950,2237950,2000000,15.57K,-10.96%
2021-07-28,2009520,2200000,2200000,2000000,2.86K,0.39%
2021-07-29,2007930,2000000,2169000,2000000,3.24K,-0.08%
2021-07-30,2138530,2100000,2168000,2100000,2.78K,6.50%
2021-08-02,2149920,2168000,2168000,2149000,0.40K,0.53%
2021-08-03,2144720,2150000,2150000,2139000,5.02K,-0.24%
2021-08-04,2144710,2149000,2149000,2130000,2.91K,0.00%
2021-08-05,2000000,2000000,2000000,2000000,3.35K,-6.75%
2021-08-06,1984850,2000000,2000000,1900000,3.93K,-0.76%
2021-08-09,1997030,2000000,2000000,1900000,3.90K,0.61%
2021-08-10,1946860,2000000,2000000,1930000,3.49K,-2.51%
2021-08-11,1819540,1930000,1930000,1815000,0.59K,-6.54%
2021-08-12,1901170,1900010,1965000,1900010,5.48K,4.49%
2021-08-13,1974730,1975000,2000000,1970000,3.34K,3.87%
2021-08-16,1969050,1970000,1970000,1966000,4.91K,-0.29%
2021-08-17,1975000,1975000,1975000,1975000,4.37K,0.30%
2021-08-18,1984250,2000000,2000000,1950000,3.27K,0.47%
2021-08-19,1958750,2000000,2000000,1950000,1.00K,-1.29%
2021-08-20,2100000,2100000,2100000,2100000,0.39K,7.21%
2021-08-23,2100000,2100000,2100000,2100000,0.13K,0.00%
2021-08-24,2033300,2000000,2100000,2000000,2.46K,-3.18%
2021-08-25,2017720,2075000,2100000,2005000,2.58K,-0.77%
2021-08-26,2005000,2005000,2005000,2005000,14.73K,-0.63%
2021-08-27,2134930,2100000,2200000,2100000,4.40K,6.48%
2021-08-30,2100000,2100000,2100000,2100000,3.01K,-1.64%
2021-08-31,2049980,2050000,2050000,2049980,0.03K,-2.38%
2021-09-01,2049980,2049980,2050000,2049980,1.87K,0.00%
2021-09-02,2013690,2000000,2050000,2000000,6.63K,-1.77%
2021-09-03,1934620,2000000,2100000,1900000,9.53K,-3.93%
2021-09-06,1950000,1950000,1950000,1950000,4.70K,0.79%
2021-09-07,1910000,1910000,1910000,1910000,3.78K,-2.05%
2021-09-08,1927280,1900000,2000000,1900000,0.30K,0.90%
2021-09-09,2000000,2000000,2000000,2000000,0.55K,3.77%
2021-09-10,2018180,2099990,2099990,2000000,1.85K,0.91%
2021-09-13,1999230,2000000,2000000,1990000,3.22K,-0.94%
2021-09-14,2000000,2000000,2000000,2000000,1.69K,0.04%
2021-09-15,1994550,1999000,1999000,1950000,0.01K,-0.27%
2021-09-16,1966540,2000000,2000000,1900000,1.09K,-1.40%
2021-09-17,1945480,1900000,1970000,1900000,2.85K,-1.07%
2021-09-20,1965060,1970000,1970000,1900000,1.24K,1.01%
2021-09-21,1923660,1925000,1950000,1855000,1.08K,-2.11%
2021-09-22,1909330,1900000,1925000,1900000,0.08K,-0.74%
2021-09-23,1860090,1900000,1900000,1851000,58.40K,-2.58%
2021-09-24,1850000,1850000,1850000,1849990,1.16K,-0.54%
2021-09-27,1850000,1850000,1850000,1850000,2.48K,0.00%
2022-02-06,1.9
2022-02-12,2.05