Date,Price,Open,High,Low,Vol.,Change %
2021-09-29,1,1,1,1,0.10K,0.00%
2021-09-28,1,1,1,1,0.03K,-100.00%
2021-09-27,698220,679000,700000,670000,0.11K,3.84%
2021-09-24,672390,670000,679000,650070,1.00K,-1.10%
2021-09-23,679900,675000,680000,675000,0.05K,-0.47%
2021-09-22,683100,689950,689950,670000,0.17K,0.46%
2021-09-21,680000,680000,680000,679990,0.42K,0.00%
2021-09-20,680000,680000,680000,680000,0.04K,-1.38%
2021-09-17,689540,689950,689950,680000,0.24K,-0.06%
2021-09-16,689980,689990,689990,689960,0.25K,-0.62%
2021-09-15,694310,695000,695000,690000,0.20K,-0.10%
2021-09-14,695000,695000,695000,695000,0.04K,0.00%
2021-09-13,695000,695000,695000,695000,0.97K,2.96%
2021-09-10,675000,675000,675010,675000,0.35K,0.74%
2021-09-09,670070,675000,675000,660000,20.27K,-0.82%
2021-09-08,675610,699000,699000,675000,0.36K,-2.00%
2021-09-07,689420,700000,700000,680000,0.19K,-1.51%
2021-09-06,700000,700000,700000,700000,0.01K,-0.26%
2021-09-03,701850,747000,747000,700000,0.23K,-6.03%
2021-09-02,746900,747000,747000,746000,0.01K,8.22%
2021-09-01,690200,675000,691000,675000,0.10K,0.03%
2021-08-30,690000,690000,690000,690000,0.64K,-0.06%
2021-08-27,690380,690000,694990,690000,0.28K,-0.53%
2021-08-26,694060,694000,694990,694000,20.05K,2.66%
2021-08-25,676050,700000,700000,630000,0.15K,-4.69%
2021-08-24,709350,709990,709990,708970,0.29K,-0.09%
2021-08-23,709990,709990,709990,709990,0.14K,3.94%
2021-08-20,683100,687000,690000,680000,1.36K,-0.01%
2021-08-19,683200,690000,690000,680000,0.03K,-0.88%
2021-08-17,689300,705000,705000,660000,0.15K,-0.82%
2021-08-16,695000,695000,695000,695000,0.03K,0.69%
2021-08-13,690220,690000,693990,690000,0.04K,0.03%
2021-08-12,690000,690000,690000,690000,0.97K,-0.01%
2021-08-11,690040,690000,693990,690000,0.60K,-0.52%
2021-08-10,693670,694000,694000,690000,1.64K,-0.85%
2021-08-09,699610,701000,701000,690000,0.23K,-0.20%
2021-08-06,701000,701000,701000,701000,0.04K,4.52%
2021-08-05,670680,670000,680000,670000,1.85K,1.87%
2021-08-04,658350,670000,670000,650000,0.83K,-1.74%
2021-08-03,670000,670000,670000,670000,0.50K,0.00%
2021-08-02,670000,670000,670000,670000,0.25K,0.00%
2021-07-30,670000,670000,670000,669990,0.09K,0.00%
2021-07-29,670000,670000,670000,670000,7.96K,10.27%
2021-07-28,607580,650000,650000,600000,3.69K,-10.65%
2021-07-27,680000,680000,680000,680000,20.12K,0.00%
2021-07-26,680000,680000,680000,680000,2.06K,-1.45%
2021-07-23,690000,690000,690000,690000,0.30K,6.15%
2021-07-22,650000,650000,650000,650000,0.52K,0.00%
2021-07-21,650000,650000,650000,650000,0.22K,-0.50%
2021-07-20,653250,699000,699000,650000,1.51K,-6.64%
2021-07-19,699700,700000,700000,699000,0.25K,0.01%
2021-07-16,699660,700000,700000,699000,0.04K,3.47%
2021-07-15,676210,700000,719000,650000,0.56K,12.46%
2021-07-14,601290,624000,624000,600000,0.22K,7.29%
2021-07-13,560430,600000,600000,560000,4.46K,-10.19%
2021-07-12,624000,624000,624000,624000,1.09K,3.98%
2021-07-09,600100,599990,624000,593000,0.60K,-0.65%
2021-07-08,604050,620000,620000,600000,0.41K,-3.35%
2021-07-06,625000,651000,651000,620000,0.29K,1.60%
2021-07-02,615160,625000,625000,600000,0.13K,9.85%
2021-07-01,560000,560000,560000,560000,0.20K,-0.19%
2021-06-30,561050,623000,623000,551000,0.66K,-6.50%
2021-06-29,600050,600000,622000,600000,3.52K,10.56%
2021-06-25,542740,580000,623000,520000,2.01K,26.06%
2021-06-22,430530,515000,520000,420000,8.69K,-14.52%
2021-06-21,503640,515000,515000,500000,0.69K,-5.42%
2021-06-18,532490,560000,565000,530000,4.50K,-4.16%
2021-06-17,555590,550000,560000,550000,0.36K,9.10%
2021-06-16,509240,510000,550000,500000,7.90K,-13.40%
2021-06-15,588010,620000,620000,580000,0.49K,-13.53%
2021-06-11,680000,680000,680000,680000,5.00K,-1.31%
2021-06-10,689000,689000,689000,689000,10.36K,0.15%
2021-06-09,688000,688000,688000,688000,0.01K,-1.71%
2021-06-08,700000,700000,700000,700000,0.61K,0.00%
2021-06-07,700000,700000,700000,700000,0.02K,4.44%
2021-06-04,670220,670000,720000,670000,0.90K,0.03%
2021-06-03,670000,670000,670000,670000,0.00K,-0.02%
2021-06-02,670130,709990,709990,670000,19.87K,-5.89%
2021-06-01,712100,713000,713000,710000,1.16K,-0.39%
2021-05-31,714920,715000,719000,713000,0.32K,-0.01%
2021-05-28,715000,715000,715000,715000,1.60K,-0.61%
2021-05-27,719420,720000,720000,715000,0.04K,-2.75%
2021-05-26,739750,746000,746000,721000,3.31K,-0.76%
2021-05-25,745440,750000,799000,744450,1.01K,-0.73%
2021-05-21,750890,798900,798900,750000,0.83K,1.16%
2021-05-20,742280,720000,750000,720000,0.20K,0.21%
2021-05-18,740690,765000,779990,720000,0.55K,-3.61%
2021-05-17,768450,760000,800000,760000,0.14K,11.31%
2021-05-14,690360,694900,694900,690000,0.14K,15.24%
2021-05-12,599060,589000,605000,589000,0.17K,1.65%
2021-05-11,589310,589000,590000,589000,516.61K,0.34%
2021-05-10,587340,550000,589000,550000,0.71K,17.25%
2021-05-07,500920,500000,599000,500000,13.92K,-0.88%
2021-05-06,505360,600000,600000,500000,12.69K,-16.75%
2021-05-05,607040,695000,695000,600000,3.03K,-7.60%
2021-05-04,656970,694500,694500,650000,0.40K,-5.57%
2021-05-03,695740,700000,700000,695000,0.18K,2.31%
2021-04-30,680000,680000,680000,680000,0.40K,0.00%
2021-04-29,680000,680000,680000,680000,0.47K,2.19%
2021-04-28,665440,668000,668000,650000,0.03K,-0.59%
2021-04-27,669390,679000,679000,665000,1.03K,-2.32%
2021-04-26,685310,690000,690000,685000,0.02K,-0.68%
2021-04-23,690000,690000,690000,690000,0.50K,17.68%
2021-04-22,586320,590000,590000,580000,1.06K,-1.46%
2021-04-21,595000,595000,595000,590000,5.08K,-0.27%
2021-04-20,596610,600000,600000,595000,1.02K,-0.52%
2021-04-16,599740,600000,600000,595500,0.64K,5.27%
2021-04-15,569700,600000,600000,550000,9.99K,-0.48%
2021-04-14,572470,510000,575000,510000,5.92K,12.25%
2021-04-13,510000,510000,510000,509990,1.54K,2.00%
2021-04-12,499980,499990,500000,499000,75.50K,11.11%
2021-04-09,449990,449990,450000,448000,1.12K,5.62%
2021-04-08,426040,419990,460000,400000,4.26K,4.77%
2021-04-07,406630,400000,420000,400000,1.08K,1.66%
2021-04-06,400000,399990,400000,399980,0.63K,27.21%
2021-04-05,314430,310000,359000,310000,1.43K,4.80%
2021-03-31,300020,300000,310000,300000,12.53K,1.02%
2021-03-30,296990,281000,300000,281000,1.20K,5.57%
2021-03-29,281320,330000,330000,281000,1.54K,-7.39%
2021-03-26,303770,310000,310000,281000,0.54K,1.26%
2021-03-25,300000,300000,300000,300000,0.11K,7.14%
2021-03-24,280000,280000,280000,280000,0.11K,-1.41%
2021-03-23,284010,287000,300000,280000,4.34K,13.58%
2021-03-22,250050,250000,286990,250000,3.65K,8.08%
2021-03-18,231360,230000,245000,230000,1.10K,5.71%
2021-03-17,218870,214000,220010,214000,6.90K,5.27%
2021-03-16,207910,210000,214990,205000,1.13K,3.96%
2021-03-15,200000,200000,200000,200000,76.08K,2.38%
2021-03-12,195360,200000,200000,195000,3.89K,-1.45%
2021-03-11,198240,200000,200000,195000,4.13K,-3.88%
2021-03-10,206240,210000,210000,200000,0.56K,0.61%
2021-03-09,204980,210000,211000,200000,0.21K,2.41%
2021-03-08,200150,201000,201010,200000,6.44K,1.98%
2021-03-05,196260,200000,200000,195000,7.26K,1.13%
2021-03-04,194060,190000,195000,190000,0.27K,0.10%
2021-03-03,193870,195000,195000,190000,0.41K,-2.13%
2021-03-02,198080,200000,200000,195000,1.24K,-0.68%
2021-03-01,199430,210000,210000,190000,4.95K,-5.26%
2021-02-26,210500,210000,215000,210000,0.05K,0.24%
2021-02-25,210000,210000,210000,210000,0.31K,0.00%
2021-02-24,210000,210000,210000,210000,1.49K,-0.44%
2021-02-23,210930,215000,215000,210000,0.25K,-1.89%
2021-02-22,215000,215000,215000,215000,0.10K,-0.07%
2021-02-19,215160,229990,229990,215000,1.98K,0.07%
2021-02-18,215000,215000,215000,215000,0.34K,0.00%
2021-02-17,215000,215000,215000,215000,0.49K,-0.12%
2021-02-12,215250,249990,249990,215000,0.31K,-1.84%
2021-02-11,219290,220000,220000,215000,0.30K,-2.03%
2021-02-10,223830,249000,249000,210000,1.90K,4.90%
2021-02-09,213370,228990,228990,212000,12.03K,-6.53%
2021-02-08,228270,220000,249990,220000,0.69K,1.07%
2021-02-05,225860,220000,250000,211000,2.10K,7.51%
2021-02-04,210090,215000,215000,210000,1.86K,0.04%
2021-02-03,210000,210000,210000,210000,0.86K,-1.81%
2021-02-02,213870,210100,215000,210100,0.35K,-1.99%
2021-02-01,218220,220000,220000,215000,0.86K,2.53%
2021-01-29,212840,210000,225000,210000,2.90K,1.31%
2021-01-28,210080,210100,217000,210000,1.87K,-0.55%
2021-01-27,211250,220000,220000,211000,12.75K,0.59%
2021-01-26,210020,210000,210100,210000,2.88K,0.00%
2021-01-25,210010,210000,210010,210000,5.73K,0.00%
2021-01-22,210000,210000,210000,210000,0.27K,0.00%
2021-01-21,210000,210000,210000,210000,0.06K,0.00%
2021-01-20,210000,210000,210000,210000,0.03K,4.92%
2021-01-15,200150,210000,210000,200000,0.46K,4.56%
2021-01-14,191420,180000,210000,180000,0.82K,3.54%
2021-01-13,184870,180010,185020,180010,0.07K,-8.04%
2021-01-12,201030,210000,210000,185000,0.24K,-2.05%
2021-01-08,205230,210000,210000,200000,0.13K,1.27%
2021-01-07,202650,210000,210000,200000,0.14K,0.83%
2021-01-06,200990,205000,205000,200000,0.10K,0.50%
2021-01-05,200000,200000,200000,200000,0.34K,-4.76%
2021-01-04,210000,210000,210000,210000,0.01K,1.32%
2020-12-30,207270,200000,210000,200000,3.65K,3.47%
2020-12-29,200320,200000,210000,200000,1.59K,0.17%
2020-12-28,199990,200000,200000,199990,0.27K,7.57%
2020-12-23,185920,190000,190000,180000,0.18K,-7.04%
2020-12-22,200000,200000,200000,200000,0.49K,-1.31%
2020-12-21,202660,210000,210000,200000,8.75K,-6.48%
2020-12-18,216700,225000,225000,215000,0.88K,"100,869.16%"
2020-12-17,215,215,215,210,1.08K,-5.51%
2020-12-16,227,220,230,220,0.70K,8.16%
2020-12-15,210,210,210,210,0.77K,-4.67%
2020-12-11,220,225,225,220,0.27K,-1.97%
2020-12-10,225,222,225,222,0.54K,3.35%
2020-12-09,217,215,223,215,0.37K,0.83%
2020-12-08,216,224,224,215,1.65K,0.00%
2020-12-07,216,230,230,215,0.44K,-6.15%
2020-12-04,230,230,230,230,0.01K,0.00%
2020-12-03,230,230,230,230,0.56K,0.00%
2020-12-02,230,230,230,230,9.93K,0.00%
2020-12-01,230,230000,230000,230000,0.20K,-99.90%
2020-11-30,229899,230000,230000,215000,0.50K,15.18%
2020-11-27,199603,193999,215000,193999,1.17K,2.46%
2020-11-26,194801,194999,194999,193999,0.31K,-0.24%
2020-11-25,195280,200000,200000,194999,2.87K,6.19%
2020-11-24,183888,190000,195000,180000,0.63K,4.14%
2020-11-20,176570,175000,180000,175000,0.67K,5.56%
2020-11-19,167271,175000,175000,165000,0.30K,3.07%
2020-11-18,162286,160000,165000,160000,0.21K,1.43%
2020-11-17,160000,160000,160000,160000,0.14K,0.00%
2020-11-16,160000,160000,160000,160000,0.05K,3.23%
2020-11-13,155000,155000,155000,155000,0.01K,22.56%
2020-11-12,126467,122000,140400,122000,0.64K,8.09%
2020-11-10,117000,117000,117000,117000,0.24K,0.00%
2020-11-09,117000,117000,117000,117000,0.52K,-0.76%
2020-11-06,117895,117895,117895,117895,0.02K,0.74%
2020-11-05,117033,117895,117895,117000,0.27K,-0.73%
2020-11-04,117892,117900,117900,117800,8.14K,-0.03%
2020-11-03,117930,118000,118000,117895,0.29K,1.90%
2020-11-02,115727,115500,118000,115500,0.31K,1.02%
2020-10-30,114557,114500,115500,114000,0.16K,1.37%
2020-10-29,113004,113000,114000,113000,0.45K,-0.49%
2020-10-28,113566,114997,114997,111000,0.71K,-1.25%
2020-10-27,115000,115000,115000,114999,0.06K,1.86%
2020-10-26,112903,112000,115000,111000,0.30K,0.79%
2020-10-23,112018,113000,113000,112000,0.40K,-0.59%
2020-10-22,112682,112825,113000,112000,0.44K,-0.13%
2020-10-21,112824,113000,113000,112000,0.91K,0.31%
2020-10-20,112477,112000,112500,112000,0.26K,1.78%
2020-10-19,110510,113000,113000,110500,0.58K,-0.90%
2020-10-16,111516,113000,113000,111500,10.16K,-1.08%
2020-10-15,112729,112000,112999,112000,0.71K,0.29%
2020-10-14,112406,113000,113000,112000,0.78K,2.19%
2020-10-13,110000,110000,110000,110000,1.50K,0.00%
2020-10-09,110000,110000,110000,110000,0.13K,-1.48%
2020-10-08,111652,112999,112999,110000,0.23K,1.50%
2020-10-07,110000,110000,110000,110000,0.01K,-0.68%
2020-10-06,110750,113000,113000,110000,0.18K,-1.99%
2020-10-02,113000,113000,113000,113000,0.19K,-1.37%
2020-10-01,114571,115000,115000,113000,0.10K,3.22%
2020-09-30,111000,111000,111000,111000,0.15K,11.06%
2020-09-28,99943,99950,99950,99900,0.14K,0.08%
2020-09-25,99868,99000,100000,99000,1.44K,0.48%
2020-09-24,99395,99900,99900,99000,0.46K,0.37%
2020-09-23,99025,99000,99994,99000,0.08K,0.43%
2020-09-22,98601,99994,99994,96000,0.28K,-0.13%
2020-09-21,98727,99994,99994,95000,0.09K,-0.46%
2020-09-18,99184,99994,100000,95000,0.82K,-0.81%
2020-09-17,99994,99995,99995,99994,0.05K,4.11%
2020-09-16,96047,95000,99999,95000,0.25K,-3.95%
2020-09-15,100000,100000,100000,99998,0.03K,0.61%
2020-09-11,99390,100000,100000,98000,4.62K,-0.61%
2020-09-10,100000,100000,100000,100000,0.03K,0.00%
2020-09-09,100000,100000,100000,100000,0.25K,0.67%
2020-09-08,99336,99000,100000,99000,0.32K,-0.66%
2020-09-07,100000,100000,100000,100000,2.33K,0.00%
2020-09-04,100000,100000,100000,100000,0.01K,0.93%
2020-09-02,99078,100000,100000,99000,0.22K,0.31%
2020-09-01,98774,95000,100000,95000,1.31K,5.76%
2020-08-31,93394,93000,94000,93000,0.10K,3.10%
2020-08-28,90589,92000,92000,90000,0.51K,0.55%
2020-08-27,90096,90500,92000,90000,1.62K,1.05%
2020-08-26,89158,90000,90000,89000,0.24K,2.50%
2020-08-25,86980,85000,87000,85000,0.22K,-1.23%
2020-08-24,88064,89000,89000,88000,1.57K,0.07%
2020-08-21,88000,88000,88000,88000,0.84K,0.00%
2020-08-20,87999,88000,88000,87999,11.38K,9.95%
2020-08-19,80037,80000,81000,80000,9.34K,-6.70%
2020-08-18,85781,85000,87000,78000,3.62K,2.15%
2020-08-17,83977,88000,90000,83000,0.60K,-4.01%
2020-08-14,87481,90000,90000,87000,0.31K,4.80%
2020-08-13,83473,95000,95000,83000,3.88K,9.84%
2020-08-12,75995,75000,95000,75000,0.22K,-7.04%
2020-08-11,81750,82000,82000,80000,0.03K,-4.36%
2020-08-10,85478,85200,90000,85200,1.40K,2.81%
2020-08-07,83146,82500,85000,81000,1.45K,5.06%
2020-08-06,79138,75000,80000,75000,1.23K,7.46%
2020-08-05,73645,73000,74000,73000,0.16K,0.88%
2020-08-04,73000,73000,73000,73000,1.18K,1.10%
2020-08-03,72203,72000,73000,72000,0.49K,0.28%
2020-07-31,72000,72000,72000,72000,0.22K,0.01%
2020-07-30,71992,71980,72010,71980,0.68K,-0.01%
2020-07-29,72000,72000,72000,72000,0.21K,-0.38%
2020-07-28,72274,76000,76000,72000,0.29K,-0.93%
2020-07-27,72952,72000,73000,72000,0.21K,4.05%
2020-07-23,70111,70000,72000,70000,0.18K,0.16%
2020-07-22,70000,70000,70000,69990,0.48K,4.48%
2020-07-21,67000,66999,67000,66999,6.27K,3.08%
2020-07-20,65000,65000,65000,65000,0.00K,0.00%
2020-07-17,65000,65000,65000,64999,0.92K,0.00%
2020-07-16,65000,65000,65000,65000,0.19K,0.01%
2020-07-15,64997,64990,65000,64985,1.73K,-0.16%
2020-07-14,65103,65995,65995,64999,0.07K,0.06%
2020-07-10,65064,65000,66500,65000,0.12K,0.07%
2020-07-09,65018,69599,69599,65000,0.50K,3.70%
2020-07-08,62697,65000,65000,60000,0.74K,-2.80%
2020-07-07,64500,65000,65000,60000,0.03K,6.12%
2020-07-06,60783,60000,66000,60000,0.23K,2.43%
2020-07-03,59342,69600,69600,58000,0.07K,1.29%
2020-07-02,58587,60000,60000,58000,0.09K,-14.39%
2020-07-01,68435,68995,68995,68000,0.03K,5.95%
2020-06-30,64593,65000,68999,64000,0.76K,-2.13%
2020-06-26,66000,66000,66000,66000,0.04K,1.36%
2020-06-25,65111,65999,65999,64999,0.19K,13.15%
2020-06-23,57545,55000,65999,55000,0.56K,4.63%
2020-06-22,55000,55000,55000,55000,0.12K,-0.99%
2020-06-19,55550,60000,60000,55000,0.10K,-11.83%
2020-06-18,63000,63000,63000,63000,0.01K,-1.57%
2020-06-17,64002,67999,67999,57100,0.21K,7.39%
2020-06-16,59601,58501,68395,58500,0.41K,-0.67%
2020-06-12,60000,60000,60000,60000,0.41K,-0.56%
2020-06-11,60340,65000,68500,60000,0.63K,-0.26%
2020-06-09,60495,60000,68000,60000,0.21K,-0.54%
2020-06-08,60825,65000,65000,57000,0.29K,-5.91%
2020-06-05,64644,68000,68000,64000,0.09K,-5.86%
2020-06-04,68668,69000,75000,63000,1.41K,-0.48%
2020-06-03,69000,69000,69000,69000,0.25K,16.94%
2020-06-02,59004,59000,63000,59000,1.01K,0.01%
2020-06-01,59000,59000,59000,59000,0.02K,-0.25%
2020-05-29,59148,59000,60000,59000,0.19K,0.25%
2020-05-28,59000,59000,59000,59000,8.01K,23.88%
2020-05-27,47627,45500,50000,45500,2.12K,-3.78%
2020-05-26,49499,49499,49499,49499,0.00K,-0.30%
2020-05-22,49646,49998,49998,49499,0.13K,4.27%
2020-05-21,47614,50000,50000,47519,1.38K,-19.84%
2020-05-20,59399,59399,59399,59399,0.00K,20.46%
2020-05-19,49311,47900,49500,47900,1.03K,-0.38%
2020-05-18,49500,49500,49500,49500,0.00K,-0.63%
2020-05-15,49815,49000,50000,49000,0.15K,-15.48%
2020-05-14,58941,59999,59999,49000,0.05K,18.39%
2020-05-13,49787,50000,50000,47000,0.14K,-0.43%
2020-05-12,50000,50000,50000,50000,2.53K,0.20%
2020-05-11,49898,49900,50000,49500,1.14K,0.84%
2020-05-08,49481,49900,49900,45000,1.22K,9.96%
2020-05-07,45000,45000,45000,45000,0.20K,-0.65%
2020-05-06,45294,50000,50000,45000,0.09K,8.92%
2020-05-04,41586,40000,45200,40000,2.20K,-1.18%
2020-04-30,42084,42000,44000,42000,0.25K,0.20%
2020-04-29,42000,42000,42000,42000,0.02K,2.08%
2020-04-28,41144,40000,42000,40000,1.22K,0.07%
2020-04-27,41117,41000,42000,41000,0.26K,-17.55%
2020-04-24,49868,50000,50000,49500,0.41K,1.36%
2020-04-23,49200,47400,51000,47400,0.03K,25.12%
2020-04-22,39323,40000,40000,39000,1.29K,6.28%
2020-04-21,37000,37000,37000,37000,0.12K,21.08%
2020-04-20,30559,30000,31000,30000,0.62K,21.40%
2020-04-17,25173,22000,28900,22000,2.00K,25.48%
2020-04-16,20060,20000,20201,20000,5.15K,0.30%
2020-04-15,20000,20000,20000,20000,0.50K,5.36%
2020-04-14,18983,17000,20000,17000,8.32K,12.96%
2020-04-13,16805,14760,17000,14760,0.40K,37.43%
2020-04-07,12228,12200,12300,12200,0.27K,14.51%
2020-04-06,10679,10000,11400,10000,0.54K,2.34%
2020-04-03,10435,10000,11000,10000,1.15K,14.23%
2020-04-02,9135,9000,9225,9000,2.43K,0.11%
2020-04-01,9125,9125,9125,9125,0.05K,1.38%
2020-03-31,9001,9000,9200,9000,0.31K,0.01%
2020-03-27,9000,9000,9000,9000,0.03K,6.27%
2020-03-25,8469,8500,8500,8400,0.17K,-2.13%
2020-03-24,8654,8500,8800,8500,0.11K,-3.85%
2020-03-23,9000,9000,9000,9000,0.17K,0.00%
2020-03-20,9000,9000,9000,9000,0.31K,0.00%
2020-03-12,9000,9000,9000,9000,0.04K,0.43%
2020-03-11,8962,8880,8994,8878,12.89K,-0.39%
2020-03-10,8997,8998,8998,8995,0.31K,-0.02%
2020-03-06,8999,8999,8999,8999,0.08K,0.00%
2020-03-05,8999,8999,8999,8999,0.04K,-0.01%
2020-03-04,9000,9000,9000,9000,0.13K,0.00%
2020-03-03,9000,9000,9000,9000,0.10K,-5.26%
2020-02-28,9500,9500,9500,9500,0.31K,-1.02%
2020-02-26,9598,9598,9598,9598,0.40K,-0.01%
2020-02-21,9599,9599,9599,9599,0.24K,1.25%
2020-02-19,9480,9600,9600,9050,1.15K,-1.20%
2020-02-18,9596,9000,9600,9000,1.41K,6.62%
2020-02-17,9000,9000,9000,9000,1.27K,-1.61%
2020-02-13,9147,9300,9300,9000,0.50K,1.64%
2020-02-12,9000,9000,9000,9000,1.40K,0.00%
2020-02-11,9000,9000,9000,9000,2.62K,-3.27%
2020-02-10,9304,9500,9500,9000,0.20K,2.00%
2020-02-07,9121,9000,9500,9000,1.88K,-3.33%
2020-02-06,9435,8999,9500,8999,1.16K,4.82%
2020-02-05,9001,9500,9500,9000,0.41K,-5.25%
2020-02-04,9500,9500,9500,9500,0.30K,0.00%
2020-02-03,9500,9500,9500,9500,0.11K,0.00%
2020-01-31,9500,9500,9500,9500,1.70K,0.00%
2020-01-30,9500,9500,9500,9500,1.00K,0.00%
2020-01-29,9500,9500,9500,9500,0.31K,5.56%
2020-01-28,9000,9000,9000,8999,0.76K,0.01%
2020-01-27,8999,8999,9000,8999,0.91K,-0.01%
2020-01-23,9000,9000,9000,9000,0.06K,0.00%
2020-01-22,9000,9000,9000,9000,0.10K,0.77%
2020-01-21,8931,9000,9000,8900,0.03K,-0.93%
2020-01-17,9015,9000,10000,9000,0.07K,0.17%
2020-01-16,9000,9000,9000,9000,0.42K,0.00%
2020-01-15,9000,9000,9000,9000,13.36K,-12.21%
2020-01-13,10252,10500,10500,10000,1.79K,20.29%
2020-01-10,8523,8500,9001,8500,2.09K,0.27%
2020-01-09,8500,8500,8500,8500,8.77K,1.13%
2020-01-08,8405,8500,8500,8400,0.95K,1.94%
2020-01-07,8245,8000,8500,8000,1.02K,8.75%
2020-01-03,7582,7500,7800,7500,0.28K,3.86%
2020-01-02,7300,7300,7301,7300,2.00K,1.24%
2019-12-30,7211,7200,7300,7199,0.35K,0.74%
2019-12-27,7158,7100,7200,7100,0.29K,-0.35%
2019-12-26,7184,7190,7190,7180,0.05K,-0.20%
2019-12-23,7198,7200,7200,7189,0.12K,14.35%
2019-12-20,6295,6300,6300,6000,1.48K,-0.50%
2019-12-19,6326,6400,6400,6300,0.10K,-2.67%
2019-12-18,6500,6500,6500,6500,0.01K,8.32%
2019-12-13,6001,6001,6200,6000,3.05K,-4.15%
2019-12-12,6260,6260,6265,6260,3.00K,-3.32%
2019-12-11,6476,6500,6500,6400,6.62K,-6.94%
2019-12-10,6958,7000,7000,6700,0.15K,3.86%
2019-12-09,6700,6700,6700,6700,0.07K,-4.26%
2019-12-06,6998,7000,7000,6700,3.08K,-6.57%
2019-12-05,7490,7500,7500,7000,0.50K,-0.41%
2019-12-04,7521,7500,8000,7500,0.37K,-5.99%
2019-12-03,8000,8000,8000,8000,0.04K,5.77%
2019-12-02,7563,7500,8000,7500,0.23K,0.84%
2019-11-29,7500,7500,7500,7500,1.40K,2.32%
2019-11-28,7330,6895,7500,6895,3.30K,8.32%
2019-11-27,6767,6700,6800,6700,1.04K,4.11%
2019-11-26,6500,6500,6500,6500,0.75K,-2.56%
2019-11-25,6671,6700,6700,6670,6.87K,-1.97%
2019-11-21,6805,6900,6900,6700,56.34K,1.57%
2019-11-20,6700,6700,6700,6700,5.14K,3.08%
2019-11-19,6500,6500,6500,6500,1.11K,6.56%
2019-11-18,6100,6100,6100,6100,3.00K,0.00%
2019-11-15,6100,6100,6100,6100,0.00K,0.29%
2019-11-14,6082,6100,6100,6000,0.11K,-0.14%
2019-11-12,6091,6000,6100,6000,1.10K,-2.54%
2019-11-11,6249,6198,6250,6198,16.32K,4.71%
2019-11-08,5968,5800,6100,5800,1.81K,8.30%
2019-11-07,5511,5500,5900,5500,6.30K,-4.14%
2019-11-06,5749,5850,5900,5500,0.72K,0.43%
2019-11-05,5724,5700,6100,5700,2.23K,0.42%
2019-10-31,5700,5700,5700,5700,0.13K,1.41%
2019-10-29,5621,5750,5750,5500,1.03K,-5.85%
2019-10-28,5970,6200,6250,5750,9.05K,-0.91%
2019-10-25,6025,5751,6200,5750,2.74K,16.55%
2019-10-24,5169,5200,5250,5000,13.30K,14.87%
2019-10-22,4500,4500,4500,4500,1.50K,0.00%
2019-10-21,4500,4500,4500,4500,0.77K,0.00%
2019-10-18,4500,4501,4501,4500,0.53K,-6.25%
2019-10-16,4800,4800,4800,4800,5.42K,0.11%
2019-10-15,4794,4800,4800,4500,5.45K,6.43%
2019-10-14,4505,4500,4800,4500,1.83K,0.11%
2019-10-11,4500,4500,4500,4500,4.58K,0.00%
2019-10-10,4500,4500,4500,4500,0.20K,7.13%
2019-10-09,4201,4200,4500,4190,2.02K,0.86%
2019-10-08,4165,3900,4200,3900,2.46K,6.79%
2019-10-07,3900,3900,3900,3900,0.01K,-2.50%
2019-10-04,4000,4000,4000,4000,2.12K,0.00%
2019-10-03,4000,4000,4000,4000,2.40K,-0.03%
2019-10-02,4001,4700,4700,4000,4.21K,0.03%
2019-10-01,4000,4000,4000,4000,2.73K,-0.13%
2019-09-30,4005,4750,4750,4000,3.30K,-20.21%
2019-09-27,5019,5400,5400,5000,2.18K,-7.05%
2019-09-26,5400,5400,5400,5400,0.00K,-1.82%
2019-09-25,5500,5500,5500,5500,0.08K,0.00%
2019-09-24,5500,5500,5500,5500,0.37K,-3.51%
2019-09-19,5700,5700,5700,5700,1.24K,0.84%
2019-09-18,5653,5400,5700,5400,1.03K,-5.63%
2019-09-17,5990,5990,5990,5990,0.07K,-0.72%
2019-09-13,6033,6250,6250,5990,0.98K,-3.24%
2019-09-12,6235,6235,6235,6235,0.00K,0.56%
2019-09-10,6200,6150,6250,6150,3.57K,-1.27%
2019-09-06,6280,6300,6300,6200,0.18K,-0.32%
2019-09-05,6300,6300,6300,6300,0.01K,-1.69%
2019-09-04,6408,6490,6490,6300,0.31K,-1.40%
2019-09-03,6499,6499,6499,6499,0.23K,-0.41%
2019-09-02,6526,6500,6550,6500,0.87K,11.60%
2019-08-30,5847,5800,6500,5800,0.72K,0.87%
2019-08-29,5797,5700,5800,5700,3.22K,1.70%
2019-08-28,5700,5700,5700,5700,0.37K,0.00%
2019-08-27,5700,5700,5700,5700,5.29K,1.96%
2019-08-26,5590,5750,5750,5000,0.05K,-5.46%
2019-08-23,5913,6000,6000,5898,0.23K,15.54%
2019-08-22,5117,5000,6000,5000,0.25K,2.35%
2019-08-21,5000,5000,5000,4995,2.57K,-3.39%
2019-08-20,5175,5300,5300,5000,0.36K,-2.34%
2019-08-16,5300,5300,5300,5200,0.91K,1.91%
2019-08-15,5200,5200,5200,5200,0.58K,-0.09%
2019-08-14,5205,5200,5300,5200,2.52K,1.42%
2019-08-13,5132,5000,5150,5000,2.62K,2.45%
2019-08-12,5009,5000,5050,5000,0.28K,-0.03%
2019-08-09,5011,5000,5145,4950,17.84K,-1.34%
2019-08-08,5079,5150,5150,5000,1.91K,-1.03%
2019-08-07,5131,5150,5190,5000,8.14K,-0.36%
2019-08-06,5150,5150,5150,5150,5.05K,0.27%
2019-08-05,5136,5200,5200,5100,0.03K,0.12%
2019-08-02,5130,5050,5200,5050,6.16K,5.79%
2019-08-01,4849,4600,5000,4600,1.33K,5.42%
2019-07-31,4600,4600,4600,4600,1.10K,0.71%
2019-07-30,4568,4600,4600,4550,0.57K,0.72%
2019-07-29,4535,4500,4550,4500,0.78K,-0.33%
2019-07-26,4550,4550,4550,4550,0.10K,0.16%
2019-07-25,4543,4500,4550,4500,0.35K,6.68%
2019-07-22,4258,3900,4500,3900,2.02K,12.06%
2019-07-19,3800,3800,3800,3800,6.07K,5.20%
2019-07-18,3612,3600,3750,3600,5.85K,1.84%
2019-07-17,3547,3200,3600,3200,1.95K,2.54%
2019-07-15,3459,3550,3600,3000,1.20K,-1.18%
2019-07-12,3500,3500,3500,3500,3.28K,-1.38%
2019-07-11,3549,3550,3555,3500,8.49K,1.27%
2019-07-10,3504,3500,3550,3500,1.09K,-0.05%
2019-07-09,3506,3550,3550,3500,0.06K,-0.11%
2019-07-08,3510,3500,3550,3500,0.52K,-1.08%
2019-07-04,3549,3550,3550,3525,7.12K,-0.04%
2019-07-03,3550,3550,3550,3550,0.04K,2.73%
2019-07-02,3456,3450,3554,3450,3.82K,-0.42%
2019-07-01,3470,3500,3500,3450,0.61K,-0.84%
2019-06-28,3499,3500,3500,3489,8.76K,0.42%
2019-06-27,3485,3485,3485,3485,0.00K,-0.08%
2019-06-26,3488,3490,3490,3485,5.71K,-0.35%
2019-06-25,3500,3500,3500,3500,0.87K,-0.78%
2019-06-21,3528,3550,3550,3500,1.56K,2.53%
2019-06-20,3441,3350,3500,3350,0.51K,3.34%
2019-06-19,3330,3100,3500,3100,0.28K,6.42%
2019-06-18,3129,3359,3359,3100,0.03K,11.74%
2019-06-14,2800,2800,2800,2800,2.48K,-2.18%
2019-06-13,2862,3200,3200,2750,3.52K,-2.54%
2019-06-12,2937,2850,3100,2850,0.76K,-5.26%
2019-06-11,3100,3100,3100,3100,0.00K,1.88%
2019-06-10,3043,3200,3200,3000,0.30K,1.06%
2019-06-07,3011,3500,3500,3000,0.28K,-15.88%
2019-06-06,3579,3600,3600,3500,0.20K,3.07%
2019-06-05,3473,3750,3750,3400,0.17K,-8.61%
2019-06-04,3800,3800,3800,3800,0.27K,1.32%
2019-05-31,3751,3700,3800,3700,0.20K,4.22%
2019-05-30,3599,3500,3600,3500,4.77K,-0.04%
2019-05-29,3600,3600,3600,3600,0.20K,11.12%
2019-05-28,3240,3000,3600,3000,1.57K,10.44%
2019-05-27,2934,2900,3001,2900,0.15K,0.72%
2019-05-24,2913,3000,3000,2700,3.04K,-10.59%
2019-05-23,3258,3300,3300,3200,0.44K,1.81%
2019-05-22,3200,3200,3200,3200,0.12K,-1.60%
2019-05-21,3252,3825,3825,3200,0.06K,-18.65%
2019-05-17,3998,3980,4000,3980,0.92K,-2.49%
2019-05-16,4100,4100,4100,4100,0.03K,-3.04%
2019-05-15,4229,4200,4300,4000,0.06K,-0.47%
2019-05-14,4249,4000,4349,4000,0.36K,6.21%
2019-05-10,4000,4000,4000,4000,0.75K,-7.98%
2019-05-09,4347,4399,4399,4250,3.46K,23.45%
2019-05-08,3521,3950,4500,3500,5.86K,-6.10%
2019-05-07,3750,3750,3750,3750,0.01K,-3.43%
2019-05-06,3883,4000,4000,3800,0.02K,-2.92%
2019-05-03,4000,4000,4000,4000,0.56K,-19.98%
2019-05-02,4999,5000,5000,4990,0.39K,-7.93%
2019-04-29,5430,5500,5500,5000,2.91K,6.48%
2019-04-26,5099,5099,5099,5099,0.24K,40.18%
2019-04-25,3638,3400,4400,3390,3.15K,23.76%
2019-04-24,2939,2900,3477,2900,3.76K,3.73%
2019-04-23,2834,2800,2900,2800,0.75K,13.61%
2019-04-22,2494,2400,2500,2400,0.05K,2.05%
2019-04-12,2444,2449,2449,2251,0.12K,1.82%
2019-04-11,2400,2400,2449,2400,0.55K,0.00%
2019-04-10,2400,2500,2500,2400,4.46K,-0.05%
2019-04-09,2401,2400,2880,2400,1.26K,0.17%
2019-04-05,2397,2200,2400,2200,10.15K,8.95%
2019-04-04,2200,2200,2300,2200,1.56K,0.37%
2019-04-03,2192,2200,2200,2190,0.05K,4.38%
2019-04-02,2100,2000,2200,2000,0.00K,2.08%
2019-04-01,2057,2300,2300,2000,0.53K,-9.94%
2019-03-29,2284,2300,2300,2250,13.75K,-12.12%
2019-03-25,2599,2800,2800,2400,0.68K,-1.55%
2019-03-22,2640,2700,2700,2600,0.27K,-7.11%
2019-03-21,2842,3150,3150,2700,1.43K,-11.10%
2019-03-20,3197,3200,3200,3000,3.21K,-4.82%
2019-03-18,3359,3200,3400,3200,4.62K,13.72%
2019-03-14,2953,3000,3050,2500,1.08K,-30.27%
2019-03-07,4236,4300,4300,3399,0.47K,-2.85%
2019-03-06,4360,4600,4600,4000,3.10K,4.80%
2019-02-27,4160,3500,4500,3500,2.49K,19.99%
2019-02-26,3467,3200,3997,3200,2.31K,40.70%
2019-02-25,2464,2300,2760,2300,2.01K,13.39%
2019-02-22,2173,1975,2365,1975,7.64K,13.82%
2019-02-21,1909,1800,1975,1600,3.79K,15.72%
2019-02-20,1650,1650,1650,1650,3.34K,-3.81%
2019-02-19,1715,1725,1930,1500,9.08K,21.33%
2019-02-18,1414,1400,1560,1300,1.27K,8.87%
2019-02-15,1299,1296,1300,1296,0.30K,38.75%
2019-02-14,936,900,1080,900,0.53K,7.32%
2019-02-13,872,800,900,800,3.20K,0.95%
2019-02-12,864,1000,1000,840,0.81K,-19.07%
2019-02-11,1067,1190,1200,1000,0.87K,-12.80%
2019-02-08,1224,1400,1400,1200,2.76K,-12.90%
2019-02-07,1406,1499,1499,1400,2.21K,-4.36%
2019-02-06,1470,1700,1700,1400,1.62K,-9.68%
2019-02-05,1627,1650,1700,1300,2.24K,-0.09%
2019-02-04,1628,1600,1700,1500,7.23K,35.78%
2019-02-01,1199,1000,1400,1000,3.42K,42.78%
2019-01-31,840,840,840,840,4.17K,25.64%
2019-01-30,669,656,700,656,19.19K,6.23%
2019-01-29,629,547,657,547,4.41K,63.27%
2019-01-28,385,383,456,380,5.32K,20.56%
2019-01-25,320,317,320,317,0.44K,33.34%
2019-01-24,240,222,264,222,0.30K,9.00%
2019-01-22,220,220,220,220,0.53K,-14.33%
2019-01-21,257,270,270,226,0.05K,11.63%
2019-01-18,230,261,261,226,0.57K,2.24%
2019-01-17,225,225,225,225,0.10K,4.19%
2019-01-16,216,180,218,180,1.46K,18.65%
2019-01-15,182,182,182,182,4.59K,13.76%
2019-01-14,160,155,160,155,1.38K,5.26%
2019-01-11,152,152,152,152,1.00K,22.96%
2019-01-10,124,127,127,115,2.64K,16.90%
2019-01-09,106,100,107,100,6.93K,27.20%
2019-01-08,83,78,93,78,6.41K,27.91%
2019-01-07,65,65,65,65,5.05K,11.45%
2019-01-04,58,58,61,58,11.49K,4.74%
2019-01-03,56,58,58,56,1.08K,1.22%
2019-01-02,55,55,55,55,2.00K,0.00%
2018-12-28,55,55,55,55,0.05K,1.85%
2018-12-27,54,54,54,54,0.04K,20.11%
2018-12-26,45,44,45,44,0.52K,2.18%
2018-12-21,44,44,44,44,0.01K,1.92%
2018-12-19,43,43,43,43,5.96K,11.55%
2018-12-18,39,36,43,36,5.50K,6.61%
2018-12-13,36,37,37,36,0.72K,-5.86%
2018-12-12,39,50,50,37,0.02K,-12.38%
2018-12-11,44,44,44,44,0.01K,-19.98%
2018-12-07,55,55,55,55,0.05K,0.00%
2018-12-06,55,55,55,55,0.03K,0.00%
2018-12-05,55,55,55,55,0.00K,0.00%
2018-12-04,55,55,55,55,0.62K,5.79%
2018-12-03,52,52,55,51,21.44K,4.71%
2018-11-30,50,50,50,50,0.35K,4.53%
2018-11-29,48,45,50,45,0.02K,5.49%
2018-11-28,45,45,47,45,3.36K,-8.10%
2018-11-27,49,49,49,49,0.02K,0.00%
2018-11-23,49,49,49,49,0.09K,4.26%
2018-11-22,47,47,47,47,0.02K,0.00%
2018-11-21,47,47,47,47,0.00K,-2.08%
2018-11-20,48,48,48,48,0.05K,2.45%
2018-11-19,47,50,50,46,0.73K,3.03%
2018-11-16,45,45,48,45,0.12K,7.52%
2018-11-15,42,49,49,42,4.36K,2.32%
2018-11-14,41,41,42,41,3.54K,15.38%
2018-11-13,36,36,36,35,4.80K,19.80%
2018-11-12,30,30,30,30,3.71K,20.42%
2018-11-09,25,22,25,22,1.95K,43.36%
2018-11-07,17,15,18,15,8.97K,15.47%
2018-11-06,15,15,15,15,0.10K,0.00%
2018-11-02,15,14,16,14,3.07K,6.24%
2018-11-01,14,14,14,14,0.10K,0.00%
2018-10-31,14,14,14,14,0.03K,0.00%
2018-10-26,14,13,14,13,11.37K,0.00%
2018-10-25,13,13,13,13,6.41K,16.44%
2018-10-24,11,11,11,11,3.80K,0.00%
2018-10-23,11,13,13,11,0.06K,0.00%
2018-10-22,11,11,11,11,0.33K,0.00%
2018-10-19,11,11,11,11,8.01K,0.00%
2018-10-18,12,11,12,11,10.01K,10.15%
2018-10-17,10,10,11,10,2.63K,7.63%
2018-10-16,10,10,10,10,14.01K,8.99%
2018-10-15,9,9,9,9,0.39K,0.00%
2018-10-11,9,9,9,9,1.59K,0.00%
2018-10-10,9,9,9,9,0.99K,0.00%
2018-10-09,9,9,9,9,12.34K,0.00%
2018-10-05,9,9,9,9,0.00K,15.07%
2018-10-04,8,8,9,8,0.01K,0.00%
2018-10-03,8,8,8,8,3.00K,8.38%
2018-10-01,7,7,7,7,0.12K,0.00%
2018-09-26,7,7,7,7,2.19K,14.75%
2018-09-25,6,6,6,6,0.62K,-18.67%
2018-09-24,8,8,8,8,0.51K,0.00%
2018-09-21,7,7,8,7,2.10K,-19.06%
2018-09-19,9,9,9,7,0.30K,0.00%
2018-09-18,9,9,9,9,0.47K,0.00%
2018-09-17,9,9,9,9,6.00K,0.00%
2018-09-14,9,9,9,9,0.40K,0.00%
2018-09-13,9,9,9,9,7.36K,0.00%
2018-09-12,9,9,9,9,0.49K,0.00%
2018-09-11,9,9,9,9,0.58K,0.00%
2018-09-07,9,9,9,9,0.04K,12.50%
2018-09-06,8,8,8,8,0.70K,14.29%
2018-09-05,7,7,7,7,0.30K,16.67%
2018-09-03,6,6,6,6,0.01K,0.00%
2018-08-31,6,6,6,6,0.36K,20.00%
2018-08-29,5,5,5,5,0.66K,0.00%
2018-08-28,5,5,5,5,0.52K,0.00%
2018-08-24,5,5,5,5,1.05K,25.00%
2018-08-23,4,4,4,4,0.08K,0.00%
2018-08-15,4,4,4,4,0.01K,18.75%
2018-08-14,3,3,3,3,0.60K,0.00%
2018-08-13,3,3,3,3,0.31K,0.00%
2018-08-10,3,3,3,3,0.91K,0.00%
2018-08-09,3,3,3,3,0.01K,0.00%
2018-08-08,2,2,2,2,0.74K,0.00%
2018-08-07,2,2,2,2,2.02K,0.00%
2018-08-06,2,2,2,2,0.08K,-100.00%
2018-08-03,225000,190000,225000,190000,1.97K,18.42%
2018-08-01,190000,190000,190000,190000,0.12K,-15.56%
2018-07-27,225000,225000,225000,220000,1.09K,0.00%
2018-07-25,225000,225000,225000,225000,0.03K,0.00%
2018-07-23,225000,225000,225000,225000,2.17K,0.00%
2018-07-19,225000,225000,225000,225000,1.22K,0.45%
2018-07-18,224000,220000,225000,220000,0.53K,-18.55%
2018-07-16,275000,275000,275000,275000,0.01K,0.00%
2018-07-13,275000,275000,275000,275000,0.00K,10.00%
2018-07-12,250000,250000,250000,250000,0.04K,0.00%
2018-07-11,250000,250000,250000,250000,0.01K,3.31%
2018-07-10,242000,250000,250000,242000,0.40K,-3.59%
2018-07-09,251000,250000,275000,249000,0.62K,0.40%
2018-07-06,250000,250000,250000,250000,20.12K,0.00%
2018-07-04,250000,250000,250000,250000,0.01K,2.46%
2018-07-03,244000,240000,260000,240000,3.84K,1.67%
2018-06-29,240000,238000,245000,238000,0.96K,9.59%
2018-06-28,219000,215000,238000,205000,2.02K,7.35%
2018-06-27,204000,201000,205000,201000,1.52K,2.00%
2018-06-26,200000,200000,200000,200000,1.00K,-4.31%
2018-06-25,209000,200000,238000,200000,3.09K,4.50%
2018-06-22,200000,200000,200000,200000,2.06K,0.00%
2018-06-21,200000,200000,200000,200000,1.30K,0.00%
2018-06-19,200000,200000,200000,200000,0.06K,5.26%
2018-06-18,190000,190000,228000,190000,3.50K,-1.04%
2018-06-15,192000,195000,195000,190000,0.02K,18.52%
2018-06-14,162000,160000,195000,160000,0.31K,-16.92%
2018-06-11,195000,195000,195000,195000,0.01K,17.47%
2018-06-08,166000,166000,166000,166000,0.11K,1.22%
2018-06-07,164000,138000,166800,138000,5.80K,17.14%
2018-06-06,140000,138000,140000,138000,0.28K,8.53%
2018-06-05,129000,140000,140000,115000,1.19K,-3.73%
2018-06-01,134000,130000,135000,130000,8.28K,0.00%
2018-05-31,134000,120000,138000,115000,5.21K,-3.60%
2018-05-30,139000,122400,140000,122400,0.26K,36.27%
2018-05-29,102000,100000,102000,100000,0.07K,2.00%
2018-05-28,100000,100000,100000,100000,0.03K,-18.03%
2018-05-25,122000,122400,122400,122400,0.01K,19.61%
2018-05-24,102000,102000,102000,102000,0.16K,20.00%
2018-05-23,85000,80000,96000,80000,1.07K,6.25%
2018-05-21,80000,80000,80000,80000,2.99K,0.00%
2018-05-18,80000,83000,83000,80000,2.15K,11.11%
2018-05-17,72000,72000,72000,72000,0.04K,20.00%
2018-05-16,60000,60000,60000,60000,3.68K,0.00%
2018-05-15,60000,60000,60000,60000,0.00K,7.14%
2018-05-11,56000,56000,56000,56000,0.76K,0.00%
2018-05-09,56000,56000,56000,56000,2.05K,-21.13%
2018-05-08,71000,75000,75000,70000,0.15K,-4.05%
2018-05-07,74000,74000,74000,74000,0.46K,0.00%
2018-05-04,74000,70000,75000,70000,1.55K,5.71%
2018-05-03,70000,70000,70000,70000,0.37K,6.06%
2018-05-02,66000,65990,65990,65990,0.02K,15.76%
2018-04-27,57013,68000,68000,55000,6.34K,-17.27%
2018-04-26,68913,75000,75000,68000,0.23K,-19.89%
2018-04-25,86021,95000,95000,85000,0.81K,-12.60%
2018-04-24,98423,100000,100000,98000,0.26K,-1.03%
2018-04-23,99444,100000,100000,99000,0.23K,-0.78%
2018-04-20,100223,107200,107200,99500,2.42K,12.07%
2018-04-18,89428,89390,89500,89390,5.89K,20.17%
2018-04-17,74419,74390,74500,74390,2.64K,23.31%
2018-04-16,60352,60000,62000,55000,0.61K,10.70%
2018-04-13,54520,45500,54590,45500,2.61K,25.00%
2018-04-12,43615,42500,45500,42300,3.73K,12.22%
2018-04-11,38865,38865,38865,38865,0.20K,28.62%
2018-04-10,30217,30000,32390,30000,5.50K,15.82%
2018-04-06,26089,25000,27000,25000,6.09K,12.80%
2018-04-05,23128,23998,23998,23000,2.30K,14.67%
2018-04-04,20170,20000,21300,20000,0.52K,0.06%
2018-04-03,20158,20395,20395,20000,0.50K,8.96%
2018-04-02,18500,18500,18500,18500,1.50K,8.82%
2018-03-28,17000,17000,17000,17000,1.13K,0.00%
2018-03-27,17000,17000,17000,17000,1.56K,0.00%
2018-03-26,17000,17000,17000,17000,1.60K,0.00%
2018-03-23,17000,17000,17000,17000,0.25K,0.00%
2018-03-22,17000,17000,17000,17000,3.21K,0.00%
2018-03-21,17000,17000,17000,17000,1.00K,-10.60%
2018-03-20,19016,19500,19500,19000,3.10K,11.92%
2018-03-16,16991,17000,17000,16900,1.71K,-0.05%
2018-03-15,17000,17000,17000,17000,0.74K,11.10%
2018-03-14,15301,14000,16199,14000,0.20K,13.34%
2018-03-12,13500,13500,13500,13500,19.15K,2.27%
2018-03-09,13200,13200,13200,13200,13.20K,-0.28%
2018-03-08,13237,16790,16790,13000,0.08K,-9.14%
2018-03-07,14568,15000,15000,14500,4.44K,3.92%
2018-03-06,14019,17000,17000,14000,1.60K,-14.58%
2018-03-02,16411,16500,16500,16400,0.19K,-2.23%
2018-02-28,16785,16785,16785,16785,1.05K,20.20%
2018-02-26,13964,14000,14000,13950,3.68K,-3.03%
2018-02-23,14400,14400,14400,14400,0.04K,0.00%
2018-02-22,14400,14400,14400,14400,0.00K,20.00%
2018-02-21,12000,12000,12000,12000,9.00K,13.93%
2018-02-20,10533,10500,12000,10500,2.05K,0.31%
2018-02-19,10500,10500,10500,10500,4.30K,1.23%
2018-02-16,10372,10250,10500,10250,4.30K,-1.22%
2018-02-15,10500,10500,10500,10500,0.10K,8.43%
2018-02-14,9684,9500,9800,9500,4.90K,-1.18%
2018-02-09,9800,9800,9800,9800,2.32K,-2.07%
2018-01-31,10007,10500,10500,8399,0.35K,0.04%
2018-01-30,10003,10500,10500,10000,2.92K,7.56%
2018-01-29,9300,9300,9300,9300,0.12K,32.74%
2018-01-26,7006,7000,8399,7000,2.56K,0.09%
2018-01-23,7000,7000,7000,7000,0.01K,9.38%
2018-01-22,6400,6400,6400,6400,8.83K,0.11%
2018-01-19,6393,6400,6400,6300,13.97K,6.51%
2018-01-18,6002,6500,6500,6000,3.05K,8.54%
2018-01-17,5530,5550,6500,5500,1.51K,0.55%
2018-01-15,5500,5500,5500,5500,5.20K,7.91%
2018-01-12,5097,5000,5500,5000,8.63K,1.94%
2018-01-09,5000,5000,5000,5000,2.00K,11.11%
2017-12-29,4500,4500,4500,4500,0.38K,0.00%
2017-12-27,4500,4500,4500,4500,1.00K,-17.88%
2017-12-22,5480,5480,5480,5480,0.32K,0.00%
2017-12-18,5480,5480,5480,5480,0.54K,0.00%
2017-12-15,5480,5480,5480,5480,0.02K,0.00%
2017-12-13,5480,5480,5480,5480,0.26K,5.38%
2017-12-12,5200,5200,5200,5200,0.60K,-3.70%
2017-12-08,5400,5400,5400,5400,0.31K,-1.82%
2017-12-06,5500,5500,5500,5500,0.03K,7.40%
2017-12-05,5121,5300,5300,5000,0.79K,-2.53%
2017-12-04,5254,5200,5300,5200,3.48K,-0.87%
2017-12-01,5300,5300,5640,5300,7.83K,12.77%
2017-11-30,4700,4700,4700,4700,1.20K,6.00%
2017-11-29,4434,4000,4680,4000,6.37K,13.90%
2017-11-27,3893,3900,3900,3850,3.50K,-0.18%
2017-11-24,3900,3899,3900,3899,5.74K,5.63%
2017-11-23,3692,3698,3698,3650,13.79K,-0.22%
2017-11-17,3700,3700,3700,3700,0.10K,-5.10%
2017-11-10,3899,3899,3899,3899,0.43K,14.44%
2017-11-09,3407,3450,3450,3400,7.30K,-1.65%
2017-11-08,3464,3450,3899,3450,2.07K,-3.43%
2017-11-07,3587,3600,3600,3500,6.16K,5.78%
2017-11-03,3391,3325,3402,3325,9.31K,2.11%
2017-11-02,3321,3320,3899,3320,5.31K,4.34%
2017-11-01,3183,3125,3300,3125,3.00K,-18.38%
2017-10-31,3900,3900,3900,3900,0.10K,0.00%
2017-10-30,3900,3900,3900,3900,0.08K,-1.27%
2017-10-27,3950,4000,4000,3950,1.94K,-1.25%
2017-10-26,4000,4000,4000,4000,1.40K,-13.33%
2017-10-23,4615,4700,4700,4600,0.65K,-0.37%
2017-10-19,4632,5000,5000,4600,20.58K,-8.28%
2017-10-16,5050,5050,5050,5050,0.00K,0.00%
2017-10-13,5050,5050,5050,5050,0.45K,-1.94%
2017-10-11,5150,5150,5150,5150,0.33K,-5.57%
2017-10-09,5454,5500,5500,5450,0.16K,5.68%
2017-10-06,5161,4500,5500,4500,0.41K,-5.30%
2017-10-04,5450,5000,5450,5000,1.39K,11.22%
2017-10-03,4900,4500,5000,4500,23.90K,2.08%
2017-09-28,4800,4900,4900,4800,0.03K,0.00%
2017-09-27,4800,4600,4800,4600,24.18K,4.35%
2017-09-26,4600,4600,4600,4600,2.10K,0.00%
2017-09-22,4600,4600,4600,4600,88.30K,0.00%
2017-09-21,4600,4600,4600,4600,3.00K,11.11%
2017-09-20,4140,4600,4700,4140,2.05K,-10.00%
2017-09-15,4600,4000,4600,4000,0.21K,6.98%
2017-09-14,4300,4300,4300,4300,1.00K,0.00%
2017-09-13,4300,3650,4300,3650,31.43K,19.44%
2017-09-12,3600,3500,3600,3500,7.89K,2.86%
2017-09-07,3500,3500,3500,3060,0.43K,0.00%
2017-09-06,3500,3500,3500,3021,5.22K,0.00%
2017-09-05,3500,3500,3500,3500,0.03K,9.38%
2017-09-04,3200,3125,3200,3125,1.47K,3.23%
2017-08-31,3100,3050,3200,3000,22.28K,3.33%
2017-08-29,3000,3300,3300,3300,0.00K,0.00%
2017-08-25,3000,3000,3000,3000,7.70K,0.00%
2017-08-24,3000,3020,3020,3000,8.10K,0.00%
2017-08-23,3000,3500,3500,3000,1.31K,-6.25%
2017-08-21,3200,3200,3200,3200,10.08K,-3.03%
2017-08-18,3300,3300,3300,3300,0.19K,0.00%
2017-08-17,3300,3300,3300,3300,0.03K,10.00%
2017-08-15,3000,3300,3300,3000,5.74K,-14.29%
2017-08-11,3500,3600,3600,3450,1.42K,-2.78%
2017-08-10,3600,3600,3600,3600,1.00K,-15.29%
2017-08-08,4250,4250,4250,4250,0.08K,-5.56%
2017-08-04,4500,4100,4500,4100,2.29K,12.50%
2017-08-03,4000,4100,4100,4000,30.86K,-2.44%
2017-08-02,4100,4100,4100,4100,0.01K,0.00%
2017-08-01,4100,4199,4199,3000,9.03K,17.14%
2017-07-31,3500,3500,3500,3500,1.00K,9.38%
2017-07-28,3200,3200,3200,3200,0.96K,0.00%
2017-07-25,3200,3050,3200,3050,52.40K,4.92%
2017-07-21,3050,3050,3050,3050,0.10K,0.00%
2017-07-18,3050,3000,3050,3000,4.01K,1.67%
2017-07-17,3000,3000,3000,3000,0.22K,15.38%
2017-07-14,2600,3000,3000,2600,1.72K,-13.33%
2017-07-13,3000,2700,2600,2600,2.12K,3.45%
2017-07-12,2900,2900,2900,2900,0.05K,11.54%
2017-07-11,2600,2700,2600,2600,8.70K,0.00%
2017-07-10,2600,2600,2600,2600,1.00K,0.00%
2017-07-06,2600,2600,2600,2600,0.20K,-13.33%
2017-07-04,3000,2441,3000,2441,0.13K,-1.64%
2017-06-30,3050,3050,3050,3050,1.00K,1.67%
2017-06-27,3000,3000,3000,3000,0.10K,0.00%
2017-06-26,3000,3000,3000,3000,1.08K,0.00%
2017-06-22,3000,3000,3000,3000,9.32K,0.00%
2017-06-21,3000,3000,3000,3000,13.52K,0.00%
2017-06-20,3000,3000,3000,3000,-,0.00%
2017-06-16,3000,3200,3200,3000,14.16K,0.00%
2017-06-15,3000,3200,3200,3000,1.07K,-0.03%
2017-06-14,3001,3000,3001,3000,10.72K,0.03%
2017-06-13,3000,3000,3190,3000,6.04K,0.00%
2017-06-12,3000,3000,3000,3000,22.85K,0.00%
2017-06-09,3000,2600,3000,2600,47.17K,19.05%
2017-06-08,2520,2200,2520,2200,1.28K,20.00%
2017-06-07,2100,2100,2100,2100,0.26K,9.43%
2017-06-06,1919,1615,1919,1610,3.32K,19.94%
2017-06-02,1600,1600,1600,1600,3.33K,-5.88%
2017-06-01,1700,1700,1700,1700,0.63K,17.24%
2017-05-31,1450,1450,1450,1450,0.70K,0.00%
2017-05-30,1450,1600,1600,1450,5.30K,0.00%
2017-05-26,1450,1300,1450,1300,21.54K,-3.33%
2017-05-25,1500,1500,1500,1500,10.15K,0.00%
2017-05-23,1500,1150,1500,1150,19.29K,15.38%
2017-05-19,1300,1300,1300,1300,0.06K,13.04%
2017-05-18,1150,1150,1150,1150,60.70K,-10.09%
2017-05-17,1279,1279,1279,1279,0.04K,-1.62%
2017-05-15,1300,1300,1300,1300,0.62K,0.00%
2017-05-11,1300,1300,1300,1300,0.79K,0.00%
2017-05-10,1300,1300,1300,1300,0.53K,8.33%
2017-05-08,1200,1200,1200,1200,2.19K,0.08%
2017-05-05,1199,1200,1200,1199,0.16K,-0.08%
2017-05-04,1200,1200,1200,1200,0.36K,0.08%
2017-05-03,1199,1000,1199,1000,2.26K,19.90%
2017-05-02,1000,1000,1000,1000,0.05K,0.00%
2017-04-28,1000,1000,1000,1000,-,17.65%
2017-04-27,850,850,850,850,0.20K,18.38%
2017-04-26,718,700,718,700,1.85K,19.69%
2017-04-25,600,600,600,600,1.00K,0.00%
2017-04-17,600,600,600,600,1.00K,19.98%
2017-04-11,500,460,500,460,2.05K,8.70%
2017-04-07,460,460,460,460,2.48K,0.00%
2017-04-06,460,460,460,460,1.00K,0.00%
2017-04-05,460,460,460,460,0.99K,0.00%
2017-04-04,460,460,460,460,0.20K,0.00%
2017-03-31,460,460,460,460,177.21K,12.20%
2017-03-30,410,410,410,410,2.14K,2.50%
2017-03-27,400,400,400,400,13.81K,0.00%
2017-03-23,400,470,470,400,1.55K,0.00%
2017-03-22,400,400,400,400,0.25K,6.67%
2017-03-17,375,350,375,350,0.62K,0.00%
2017-03-16,375,375,375,375,3.18K,0.00%
2017-03-15,375,375,375,375,0.02K,0.00%
2017-03-14,375,375,375,375,2.00K,-2.60%
2017-03-08,385,385,385,385,10.00K,1.32%
2017-03-07,380,380,380,380,21.84K,1.33%
2017-03-06,375,350,375,350,16.74K,7.14%
2017-03-03,350,359,360,335,33.00K,12.90%
2017-02-24,310,310,310,310,0.19K,0.00%
2017-02-23,310,310,310,310,1.65K,0.00%
2017-02-21,310,310,310,310,1.00K,-4.02%
2017-02-14,323,323,323,323,0.09K,19.63%
2017-02-13,270,320,320,320,0.02K,0.00%
2017-02-08,270,270,270,270,5.21K,0.00%
2017-02-03,270,270,270,270,0.10K,-15.63%
2017-01-30,320,280,320,280,0.25K,18.52%
2017-01-27,270,270,270,270,0.50K,0.00%
2017-01-26,270,270,270,270,0.20K,-3.57%
2017-01-25,280,280,280,280,0.18K,11.11%
2017-01-24,252,252,252,252,4.44K,-16.00%
2017-01-20,300,300,300,300,1.40K,3.09%
2017-01-19,291,291,291,291,4.65K,-3.00%
2017-01-17,300,300,300,300,0.10K,0.00%
2017-01-13,300,300,300,300,0.13K,0.00%
2017-01-12,300,300,300,300,3.24K,3.45%
2017-01-11,290,290,290,290,3.00K,0.00%
2017-01-10,290,290,290,290,7.00K,3.57%
2017-01-04,280,280,280,280,3.38K,3.70%
2016-12-30,270,270,270,270,10.00K,-5.26%
2016-12-29,285,270,300,270,1.05K,-1.72%
2016-12-28,290,270,290,270,5.37K,7.41%
2016-12-15,270,270,270,270,0.03K,0.00%
2016-12-14,270,270,270,270,0.90K,0.00%
2016-12-13,270,270,270,270,0.60K,-10.00%
2016-12-09,300,300,300,300,0.14K,-5.96%
2016-12-06,319,319,319,319,0.16K,11.93%
2016-12-02,285,336,336,285,0.30K,1.42%
2016-12-01,281,348,348,281,0.38K,-3.10%
2016-11-30,290,270,290,270,15.29K,3.57%
2016-11-25,280,280,280,280,1.60K,0.00%
2016-11-23,280,280,280,280,2.86K,0.00%
2016-11-22,280,270,280,270,1.08K,2.56%
2016-11-18,273,280,280,273,7.70K,-9.00%
2016-11-17,300,300,300,300,1.00K,0.00%
2016-11-16,300,318,318,300,1.10K,9.88%
2016-11-15,273,273,273,273,3.00K,0.00%
2016-11-14,273,273,273,273,0.48K,19.74%
2016-11-11,228,190,228,190,5.71K,19.99%
2016-11-10,190,190,190,190,10.28K,0.00%
2016-11-09,190,190,190,190,-,16.56%
2016-11-08,163,163,163,163,5.20K,0.00%
2016-11-04,163,163,163,163,1.00K,-14.21%
2016-11-03,190,160,190,160,59.40K,18.75%
2016-11-02,160,160,160,160,14.00K,0.63%
2016-10-28,159,159,159,159,13.75K,1.92%
2016-10-26,156,156,156,156,0.07K,0.00%
2016-10-25,156,156,156,156,0.64K,0.65%
2016-10-24,155,155,155,155,0.89K,-1.27%
2016-10-20,157,160,160,160,0.03K,-1.88%
2016-10-18,160,160,160,160,-,1.91%
2016-10-17,157,157,157,157,2.36K,0.00%
2016-10-14,157,157,157,157,3.22K,0.00%
2016-10-11,157,159,159,157,2.80K,-1.26%
2016-10-10,159,159,159,159,1.00K,0.00%
2016-10-07,159,159,159,159,0.41K,5.30%
2016-10-06,151,160,160,160,0.05K,0.00%
2016-10-04,151,159,161,151,6.40K,-5.03%
2016-09-30,159,160,160,159,0.63K,-0.63%
2016-09-29,160,160,160,160,1.10K,1.27%
2016-09-28,158,158,158,151,0.97K,3.95%
2016-09-27,152,152,0,0,0.50K,0.00%
2016-09-26,152,158,158,152,2.61K,0.00%
2016-09-23,152,161,161,152,0.92K,-7.32%
2016-09-22,164,164,164,164,0.10K,-3.47%
2016-09-21,170,165,165,165,0.31K,0.00%
2016-09-20,170,170,170,169,0.03K,0.00%
2016-09-19,170,170,170,170,0.07K,0.00%
2016-09-15,170,170,170,170,0.69K,-2.86%
2016-09-06,175,175,175,175,2.50K,-2.77%
2016-08-26,180,162,162,162,0.04K,0.00%
2016-08-25,180,180,180,180,0.27K,5.88%
2016-08-24,170,170,170,170,0.10K,-5.56%
2016-08-11,180,180,180,180,6.93K,0.00%
2016-08-04,180,180,180,180,1.00K,0.00%
2016-08-03,180,180,180,180,14.60K,0.00%
2016-08-02,180,180,180,180,0.01K,0.00%
2016-07-28,180,180,180,180,7.00K,-10.00%
2016-07-27,200,200,200,200,1.13K,11.11%
2016-07-20,180,180,180,180,0.14K,0.00%
2016-07-19,180,180,180,180,19.55K,5.88%
2016-07-13,170,160,170,160,25.87K,3.03%
2016-07-07,165,165,165,165,11.18K,0.00%
2016-07-06,165,165,165,165,5.00K,-2.94%
2016-06-30,170,165,170,165,3.79K,3.03%
2016-06-29,165,165,165,165,2.21K,-2.94%
2016-06-28,170,170,170,170,5.00K,-2.86%
2016-06-20,175,175,175,175,3.00K,0.00%
2016-06-16,175,175,175,175,3.10K,0.00%
2016-06-14,175,175,175,175,9.07K,0.00%
2016-06-10,175,175,180,175,12.25K,0.00%
2016-06-06,175,175,175,175,1.47K,0.00%
2016-06-03,175,175,175,175,1.30K,0.00%
2016-06-02,175,176,176,175,1.50K,1.74%
2016-05-25,172,172,172,172,0.60K,-1.71%
2016-05-23,175,175,175,175,2.25K,1.74%
2016-05-20,172,172,172,172,0.10K,0.58%
2016-05-18,171,170,171,170,0.37K,0.59%
2016-05-17,170,170,170,170,11.99K,1.19%
2016-05-13,168,170,170,170,0.02K,0.00%
2016-05-12,168,168,168,168,17.50K,1.82%
2016-05-11,165,168,168,165,10.23K,0.00%
2016-05-10,165,167,167,165,20.50K,-1.20%
2016-05-06,167,167,167,167,0.30K,-7.20%
2016-05-03,180,165,180,165,0.37K,9.06%
2016-05-02,165,165,165,165,0.49K,6.44%
2016-04-28,155,155,155,155,0.89K,0.00%
2016-04-25,155,155,160,155,0.11K,-8.82%
2016-04-22,170,170,170,170,4.13K,0.00%
2016-04-21,170,170,170,170,4.00K,0.00%
2016-04-20,170,170,170,170,4.00K,5.59%
2016-04-15,161,170,170,160,14.82K,-2.42%
2016-04-13,165,165,165,165,2.92K,-2.94%
2016-04-12,170,170,170,170,3.00K,3.03%
2016-04-11,165,165,165,165,0.30K,5.10%
2016-04-06,157,157,157,157,0.75K,0.00%
2016-04-04,157,157,157,157,0.10K,-2.73%
2016-03-30,161,161,0,0,0.08K,3.13%
2016-03-29,157,157,157,157,1.00K,0.00%
2016-03-28,157,157,157,157,9.79K,-1.84%
2016-03-22,159,176,176,176,0.02K,0.00%
2016-03-21,159,159,159,159,0.22K,0.00%
2016-03-16,159,159,159,159,0.10K,-18.49%
2016-03-15,196,159,159,159,0.01K,0.00%
2016-03-14,196,205,205,196,0.16K,0.00%
2016-03-11,196,196,196,196,6.00K,0.00%
2016-03-08,196,215,215,215,0.03K,0.00%
2016-03-07,196,215,215,215,0.01K,0.00%
2016-03-04,196,196,196,196,2.26K,-16.32%
2016-03-02,234,197,197,197,0.01K,0.00%
2016-03-01,234,234,234,196,0.55K,19.50%
2016-02-29,196,196,196,196,3.00K,0.00%
2016-02-26,196,191,191,191,12.73K,0.00%
2016-02-25,196,196,196,176,0.41K,0.50%
2016-02-24,195,171,195,171,3.49K,13.71%
2016-02-22,171,174,174,174,0.01K,0.00%
2016-02-19,171,157,174,157,10.04K,8.70%
2016-02-15,157,157,157,157,3.11K,0.63%
2016-02-12,157,157,157,157,0.05K,0.00%
2016-02-11,157,157,157,157,4.20K,3.23%
2016-02-03,152,152,152,152,1.98K,-3.12%
2016-02-02,157,157,157,157,4.00K,0.00%
2016-02-01,157,148,148,148,0.01K,0.00%
2016-01-29,157,174,174,157,10.01K,3.23%
2016-01-19,152,152,152,152,0.25K,-11.93%
2016-01-18,172,172,172,172,0.07K,17.33%
2016-01-13,147,147,147,147,5.00K,0.00%
2015-12-16,147,147,147,147,10.02K,0.00%
2015-12-15,147,147,147,147,2.07K,0.00%
2015-12-14,147,147,147,147,7.01K,-5.07%
2015-12-09,155,155,155,155,10.09K,-1.25%
2015-12-08,157,152,157,152,6.75K,-3.04%
2015-11-23,161,161,161,161,0.04K,10.75%
2015-11-20,146,146,146,146,0.50K,2.76%
2015-11-19,142,142,142,142,5.00K,11.54%
2015-11-16,127,137,137,127,5.10K,-7.14%
2015-11-13,137,137,137,137,1.50K,0.00%
2015-11-12,137,137,137,137,0.20K,0.00%
2015-11-11,137,137,137,137,3.00K,-3.45%
2015-11-09,142,142,142,142,6.00K,0.00%
2015-11-06,142,142,142,142,5.00K,3.57%
2015-10-30,137,137,137,137,6.05K,0.00%
2015-10-27,137,137,137,137,5.19K,0.00%
2015-10-23,137,137,137,137,0.34K,0.00%
2015-10-21,137,137,137,137,4.57K,0.00%
2015-10-19,137,137,137,137,14.30K,0.00%
2015-10-16,137,137,137,137,0.50K,0.00%
2015-10-15,137,137,137,137,2.68K,0.00%
2015-10-14,137,137,137,137,3.00K,0.00%
2015-10-13,137,137,137,137,2.96K,0.00%
2015-10-09,137,137,137,137,2.00K,-6.67%
2015-09-30,147,147,147,147,6.81K,0.00%
2015-09-25,147,147,147,147,3.37K,0.00%
2015-09-21,147,147,147,147,1.00K,0.00%
2015-09-16,147,146,147,146,5.62K,0.00%
2015-09-14,147,147,147,147,1.50K,0.00%
2015-09-07,147,147,147,147,1.00K,0.00%
2015-09-04,147,147,147,147,7.35K,3.45%
2015-09-02,142,142,142,142,1.30K,-3.33%
2015-08-28,147,147,147,147,0.17K,7.14%
2015-08-26,137,137,137,137,0.30K,-6.67%
2015-08-25,147,146,147,146,8.27K,0.00%
2015-08-24,147,147,147,147,3.85K,0.00%
2015-08-12,147,147,147,147,1.00K,0.00%
2015-08-10,147,147,147,147,3.30K,0.00%
2015-08-06,147,147,147,147,3.01K,0.00%
2015-08-05,147,147,147,147,0.15K,0.00%
2015-08-04,147,147,147,147,0.20K,20.00%
2015-07-27,122,122,122,122,0.05K,-13.79%
2015-07-16,142,142,142,142,0.08K,0.00%
2015-07-15,142,142,142,142,0.03K,1.54%
2015-07-09,140,139,140,139,2.74K,20.00%
2015-07-08,116,116,116,116,21.35K,0.00%
2015-07-07,116,116,116,116,0.20K,0.00%
2015-07-06,116,116,116,116,0.05K,18.99%
2015-07-03,98,96,98,96,0.72K,21.95%
2015-06-26,80,80,80,80,1.00K,-13.45%
2015-06-22,93,93,93,93,1.72K,19.94%
2015-06-15,77,77,77,77,1.07K,0.00%
2015-06-03,77,77,78,77,2.36K,20.00%
2015-06-01,65,65,65,65,0.14K,-17.50%
2015-05-26,78,78,78,78,4.00K,11.88%
2015-05-22,70,70,70,70,3.00K,19.17%
2015-05-21,59,59,59,59,0.20K,0.00%
2015-05-08,59,59,59,59,1.20K,0.00%
2015-04-28,59,68,68,68,0.03K,0.00%
2015-04-23,59,59,59,59,0.22K,9.09%
2015-04-21,54,54,54,54,0.29K,-8.33%
2015-04-13,59,59,59,59,0.43K,5.27%
2015-04-09,56,56,56,56,11.00K,3.62%
2015-04-07,54,54,54,54,22.00K,0.00%
2015-04-06,54,54,54,54,7.48K,0.00%
2015-03-30,54,54,54,54,0.08K,0.00%
2015-03-26,54,54,54,54,4.11K,-2.15%
2015-03-25,55,54,54,54,0.01K,0.00%
2015-03-23,55,55,55,55,5.00K,0.00%
2015-03-20,55,55,55,55,29.39K,0.00%
2015-03-17,55,55,55,55,11.50K,17.79%
2015-03-16,47,47,54,47,9.67K,0.00%
2015-03-12,47,48,48,47,3.04K,-1.96%
2015-03-11,48,47,48,47,5.10K,2.00%
2015-03-10,47,47,47,47,12.49K,0.00%
2015-03-09,47,47,47,47,1.20K,0.00%
2015-03-05,47,47,47,47,0.10K,14.95%
2015-02-26,41,41,41,41,0.07K,0.00%
2015-02-23,41,41,41,41,2.95K,2.35%
2015-02-19,40,41,41,41,0.05K,0.00%
2015-02-12,40,40,40,40,37.37K,-3.30%
2015-02-09,41,41,41,41,0.10K,-2.34%
2015-01-21,42,47,47,47,3.04K,0.00%
2015-01-16,42,42,42,42,1.00K,-6.22%
2015-01-14,45,47,47,47,0.05K,0.00%
2015-01-09,45,45,45,45,0.08K,0.00%
2015-01-06,45,45,45,45,0.40K,19.96%
2014-12-19,37,37,37,37,0.53K,-11.11%
2014-12-11,42,42,42,42,0.50K,12.50%
2014-12-10,37,37,37,37,0.09K,-20.00%
2014-12-09,47,47,47,47,0.10K,16.27%
2014-12-05,40,40,40,40,0.58K,2.38%
2014-11-28,39,39,39,39,11.83K,1.82%
2014-11-25,38,38,38,38,4.00K,0.00%
2014-11-24,38,38,38,38,3.68K,2.50%
2014-11-12,37,37,37,37,1.03K,-11.11%
2014-11-10,42,37,37,37,0.05K,0.00%
2014-11-07,42,41,42,41,7.82K,0.00%
2014-11-03,42,42,42,42,1.04K,7.13%
2014-10-31,39,39,39,39,1.00K,0.00%
2014-10-28,39,38,39,38,2.77K,2.46%
2014-10-27,38,38,38,38,1.02K,2.50%
2014-10-24,37,37,37,37,0.50K,0.00%
2014-10-21,37,37,37,37,17.35K,14.29%
2014-10-13,33,33,33,33,0.26K,-12.50%
2014-10-09,37,33,33,33,2.50K,0.00%
2014-09-30,37,37,37,37,11.00K,0.00%
2014-09-29,37,37,37,37,5.00K,0.00%
2014-09-23,37,37,37,37,2.79K,0.00%
2014-09-19,37,37,37,37,0.43K,0.00%
2014-09-17,37,37,37,37,0.67K,0.00%
2014-09-15,37,37,37,37,3.34K,0.00%
2014-09-09,37,37,37,37,0.16K,14.29%
2014-09-08,33,33,33,33,1.00K,9.36%
2014-08-26,30,30,30,30,0.12K,-3.02%
2014-08-25,31,31,31,31,2.30K,-5.70%
2014-08-21,33,33,33,33,0.95K,0.00%
2014-08-19,33,33,33,33,3.48K,2.94%
2014-08-12,32,33,33,33,0.01K,0.00%
2014-07-29,32,32,32,32,9.50K,0.00%
2014-07-25,32,32,32,32,2.00K,3.02%