Date,Price,Open,High,Low,Change %
2021-12-03,5,5,5,5,0.00%
2021-12-02,5,5,5,5,0.00%
2021-12-01,5,5,5,5,0.00%
2021-11-30,5,5,5,5,0.00%
2021-11-29,5,5,5,5,0.00%
2021-11-26,5,5,5,5,0.00%
2021-11-25,5,5,5,5,0.00%
2021-11-24,5,5,5,5,0.00%
2021-11-23,5,5,5,5,0.00%
2021-11-19,5,5,5,5,0.00%
2021-11-18,5,5,5,5,0.00%
2021-11-17,5,5,5,5,0.00%
2021-11-16,5,5,5,5,0.00%
2021-11-15,4,4,4,4,0.00%
2021-11-12,4,4,4,4,0.00%
2021-11-11,4,4,4,4,0.00%
2021-11-10,4,4,4,4,0.00%
2021-11-09,4,4,4,4,0.00%
2021-11-08,4,4,4,4,0.00%
2021-11-05,4,4,4,4,0.00%
2021-11-04,4,4,4,4,0.00%
2021-11-03,4,4,4,4,0.00%
2021-11-02,4,4,4,4,0.00%
2021-10-29,4,4,4,4,0.00%
2021-10-28,4,4,4,4,0.00%
2021-10-27,4,4,4,4,0.00%
2021-10-26,4,4,4,4,0.00%
2021-10-25,4,4,4,4,0.00%
2021-10-22,4,4,4,4,0.00%
2021-10-21,4,4,4,4,0.00%
2021-10-20,4,4,4,4,0.00%
2021-10-19,4,4,4,4,0.00%
2021-10-18,4,4,4,4,0.00%
2021-10-15,4,4,4,4,0.00%
2021-10-14,4,4,4,4,0.00%
2021-10-13,4,4,4,4,0.00%
2021-10-11,4,4,4,4,0.00%
2021-10-08,4,4,4,4,0.00%
2021-10-07,4,4,4,4,0.00%
2021-10-06,4,4,4,4,0.00%
2021-10-05,4,4,4,4,0.00%
2021-10-04,4,4,4,4,0.00%
2021-09-29,4,4,4,4,0.00%
2021-09-28,4,4,4,4,0.00%
2021-09-27,4,4,4,4,-100.00%
2021-09-24,4093958,4099088,4099088,4099088,1.57%
2021-09-23,4030769,4027089,4035821,4027089,0.22%
2021-09-22,4022048,4027089,4027089,4027089,0.14%
2021-09-21,4016251,4021284,4021284,4021284,-0.43%
2021-09-20,4033688,4038743,4038743,4038743,0.05%
2021-09-17,4031726,4036778,4036778,4036778,-0.17%
2021-09-16,4038492,4043553,4043553,4043553,0.63%
2021-09-15,4013220,4018249,4018249,4018249,-0.21%
2021-09-14,4021575,4026615,4026615,4026615,0.89%
2021-09-13,3986023,3991018,3991018,3991018,-1.52%
2021-09-10,4047385,4052457,4052457,4052457,-0.66%
2021-09-09,4074338,4079444,4079444,4079444,0.35%
2021-09-08,4060252,4065340,4065340,4065340,-0.04%
2021-09-07,4061687,4066777,4066777,4066777,-0.02%
2021-09-06,4062684,4067775,4067775,4067775,0.35%
2021-09-03,4048640,4053714,4053714,4053714,-0.69%
2021-09-02,4076919,4082028,4082028,4082028,-0.32%
2021-09-01,4089858,4094983,4094983,4094983,-0.65%
2021-08-31,4116707,4121866,4121866,4121866,-0.42%
2021-08-30,4134142,4139322,4139322,4139322,0.25%
2021-08-27,4123962,4129130,4129130,4129130,-0.13%
2021-08-26,4129511,4134686,4134686,4134686,-0.18%
2021-08-25,4136932,4142117,4142117,4142117,0.62%
2021-08-24,4111349,4116501,4116501,4116501,-0.19%
2021-08-23,4119337,4124499,4124499,4124499,0.15%
2021-08-20,4113156,4118310,4118310,4118310,0.03%
2021-08-19,4111918,4117071,4117071,4117071,0.90%
2021-08-18,4075159,4080266,4080266,4080266,-1.08%
2021-08-17,4119840,4125002,4125002,4125002,0.48%
2021-08-16,4100222,4105360,4105360,4105360,-0.60%
2021-08-13,4125149,4130319,4130319,4130319,0.54%
2021-08-12,4103082,4108224,4108224,4108224,-0.09%
2021-08-11,4106762,4111908,4111908,4111908,0.55%
2021-08-10,4084266,4089384,4089384,4089384,0.35%
2021-08-09,4070177,4075278,4075278,4075278,0.28%
2021-08-06,4058651,4035734,4063737,4035734,0.57%
2021-08-05,4035734,4035734,4035734,4035734,0.24%
2021-08-04,4026104,4031150,4031150,4031150,0.08%
2021-08-03,4023022,4028063,4028063,4028063,0.36%
2021-08-02,4008446,4013469,4013469,4013469,0.07%
2021-07-30,4005607,4010626,4010626,4010626,0.82%
2021-07-29,3973216,3978195,3978195,3978195,-1.32%
2021-07-28,4026542,4031588,4031588,4031588,1.20%
2021-07-27,3978871,3983857,3983857,3983857,2.65%
2021-07-26,3876099,3880956,3880956,3880956,2.67%
2021-07-23,3775192,3768976,3779923,3768976,0.16%
2021-07-22,3768976,3768976,3768976,3768976,1.77%
2021-07-21,3703418,3708059,3708059,3708059,1.80%
2021-07-20,3637814,3642372,3642372,3642372,0.79%
2021-07-19,3609466,3613989,3613989,3613989,1.98%
2021-07-16,3539413,3543849,3543849,3543849,3.05%
2021-07-15,3434786,3439091,3439091,3439091,1.53%
2021-07-14,3383173,3387412,3387412,3387412,2.11%
2021-07-13,3313354,3317506,3317506,3317506,0.93%
2021-07-12,3282856,3286970,3286970,3286970,0.46%
2021-07-09,3267736,3271831,3271831,3271831,0.47%
2021-07-08,3252526,3256602,3256602,3256602,0.41%
2021-07-07,3239204,3243263,3243263,3243263,0.11%
2021-07-06,3235600,3239654,3239654,3239654,0.06%
2021-07-02,3233750,3237802,3237802,3237802,-0.14%
2021-07-01,3238205,3242263,3242263,3242263,0.80%
2021-06-30,3212547,3216573,3216573,3216573,0.52%
2021-06-29,3196069,3200075,3200075,3200075,0.22%
2021-06-25,3188911,3192907,3192907,3192907,0.42%
2021-06-23,3175455,3179434,3179434,3179434,0.15%
2021-06-22,3170571,3174544,3174544,3174544,0.99%
2021-06-21,3139429,3143363,3143363,3143363,0.28%
2021-06-18,3130752,3134676,3134676,3134676,0.80%
2021-06-17,3106023,3109915,3109915,3109915,0.28%
2021-06-16,3097272,3101153,3101153,3101153,-0.26%
2021-06-15,3105260,3109151,3109151,3109151,-0.24%
2021-06-11,3112623,3116524,3116524,3116524,-0.42%
2021-06-10,3125808,3129725,3129725,3129725,0.33%
2021-06-09,3115612,3119516,3119516,3119516,-0.14%
2021-06-08,3119881,3123791,3123791,3123791,0.54%
2021-06-07,3103264,3107152,3107152,3107152,-0.09%
2021-06-04,3106133,3110025,3110025,3110025,0.41%
2021-06-03,3093441,3097318,3097318,3097318,0.12%
2021-06-02,3089584,3093455,3093455,3093455,-0.57%
2021-06-01,3107406,3111300,3111300,3111300,-0.02%
2021-05-31,3107977,3111872,3111872,3111872,0.48%
2021-05-28,3093112,3096988,3096988,3096988,1.11%
2021-05-27,3059039,3062873,3062873,3062873,-0.12%
2021-05-26,3062607,3066445,3066445,3066445,0.48%
2021-05-25,3047911,3051731,3051731,3051731,0.34%
2021-05-21,3037517,3041324,3041324,3041324,-0.16%
2021-05-20,3042401,3046213,3046213,3046213,0.76%
2021-05-19,3019362,3023146,3023146,3023146,2.44%
2021-05-18,2947457,2951151,2951151,2951151,0.78%
2021-05-17,2924620,2928285,2928285,2928285,-1.17%
2021-05-14,2959262,2962971,2962971,2962971,1.95%
2021-05-13,2902570,2906207,2906207,2906207,2.64%
2021-05-12,2827948,2831491,2831491,2831491,0.36%
2021-05-11,2817818,2821349,2821349,2821349,-0.41%
2021-05-10,2829478,2833024,2833024,2833024,-0.39%
2021-05-07,2840491,2844050,2844050,2844050,-0.50%
2021-05-06,2854834,2858411,2858411,2858411,-0.15%
2021-05-05,2859159,2862742,2862742,2862742,0.91%
2021-05-04,2833358,2836909,2836909,2836909,1.56%
2021-05-03,2789877,2793373,2793373,2793373,-0.92%
2021-04-30,2815817,2819346,2819346,2819346,2.79%
2021-04-29,2739287,2742719,2742719,2742719,0.79%
2021-04-28,2717906,2721312,2721312,2721312,1.33%
2021-04-27,2682108,2685469,2685469,2685469,-1.19%
2021-04-26,2714523,2717925,2717925,2717925,2.65%
2021-04-23,2644542,2644542,2644542,2644542,5.78%
2021-04-22,2500064,2503197,2503197,2503197,-0.48%
2021-04-21,2512036,2515184,2515184,2515184,2.06%
2021-04-20,2461292,2464377,2464377,2464377,4.39%
2021-04-16,2357676,2360631,2360631,2360631,-0.76%
2021-04-15,2375839,2378817,2378817,2378817,2.88%
2021-04-14,2309375,2312269,2312269,2312269,-0.85%
2021-04-13,2329146,2332065,2332065,2332065,1.94%
2021-04-12,2284762,2287625,2287625,2287625,2.44%
2021-04-09,2230234,2233029,2233029,2233029,4.36%
2021-04-08,2137158,2139836,2139836,2139836,1.54%
2021-04-07,2104707,2107344,2107344,2107344,1.50%
2021-04-06,2073524,2076122,2076122,2076122,0.38%
2021-04-05,2065678,2068266,2068266,2068266,4.21%
2021-03-31,1982217,1984701,1984701,1984701,0.97%
2021-03-30,1963144,1965604,1965604,1965604,1.91%
2021-03-29,1926348,1928762,1928762,1928762,2.17%
2021-03-26,1885352,1887714,1887714,1887714,2.00%
2021-03-25,1848340,1850656,1850656,1850656,0.38%
2021-03-24,1841314,1843621,1843621,1843621,0.99%
2021-03-23,1823341,1825626,1825626,1825626,0.33%
2021-03-22,1817256,1819534,1819534,1819534,0.81%
2021-03-19,1802738,2149441,2149441,1802224,0.13%
2021-03-18,1800482,1802738,1802738,1802738,0.03%
2021-03-17,1799969,1802224,1802224,1802224,-0.98%
2021-03-16,1817765,1820042,1820042,1820042,-0.27%
2021-03-15,1822717,1825001,1825001,1825001,-1.15%
2021-03-12,1843946,1846257,1846257,1846257,-0.55%
2021-03-11,1854107,1856431,1856431,1856431,-0.84%
2021-03-10,1869782,1872125,1872125,1872125,-0.39%
2021-03-09,1877164,1879516,1879516,1879516,-0.33%
2021-03-08,1883316,1885676,1885676,1885676,-0.06%
2021-03-05,1884462,1886823,1886823,1886823,0.78%
2021-03-04,1869919,1872262,1872262,1872262,0.51%
2021-03-03,1860384,1862715,1862715,1862715,0.10%
2021-03-02,1858595,1860924,1860924,1860924,-0.14%
2021-03-01,1861193,1863526,1863526,1863526,0.01%
2021-02-26,1860950,1863282,1863282,1863282,-0.31%
2021-02-25,1866683,1869022,1869022,1869022,-0.07%
2021-02-24,1867970,1870311,1870311,1870311,2.35%
2021-02-23,1825098,1827385,1827385,1827385,1.44%
2021-02-22,1799191,1801445,1801445,1801445,2.62%
2021-02-19,1753215,1755412,1755412,1755412,2.16%
2021-02-18,1716125,1718276,1718276,1718276,-0.05%
2021-02-17,1716984,1719136,1719136,1719136,-0.41%
2021-02-12,1723975,1726136,1726136,1726136,-2.25%
2021-02-11,1763736,1765946,1765946,1765946,-1.12%
2021-02-10,1783777,1786012,1786012,1786012,-0.86%
2021-02-09,1799307,1801562,1801562,1801562,-0.48%
2021-02-08,1807932,1810197,1810197,1810197,-1.36%
2021-02-05,1832830,1835127,1835127,1835127,0.49%
2021-02-04,1823835,1826120,1826120,1826120,2.15%
2021-02-03,1785450,1787688,1787688,1787688,-0.02%
2021-02-02,1785732,1787970,1787970,1787970,-0.83%
2021-02-01,1800748,1803004,1803004,1803004,-0.89%
2021-01-29,1816981,1819258,1819258,1819258,-0.11%
2021-01-28,1819068,1821348,1821348,1821348,0.00%
2021-01-27,1819152,1821431,1821431,1821431,2.07%
2021-01-26,1782224,1784457,1784457,1784457,3.15%
2021-01-25,1727726,1727726,1729891,1729891,-0.13%
2021-01-22,1729891,1736588,1736588,1729891,4.99%
2021-01-21,1647645,1649710,1649710,1649710,5.79%
2021-01-20,1557479,1559430,1559430,1559430,0.39%
2021-01-19,1551432,1553376,1553376,1553376,0.41%
2021-01-15,1545061,1546997,1546997,1546997,3.24%
2021-01-14,1496565,1498441,1498441,1498441,0.32%
2021-01-13,1491829,1493698,1493698,1493698,-0.61%
2021-01-12,1500988,1502869,1502869,1502869,2.36%
2021-01-11,1466406,1466406,1466406,1466406,0.13%
2021-01-08,1464571,1466406,1466406,1466406,11.43%
2021-01-07,1314365,1316013,1316013,1316013,7.02%
2021-01-06,1228128,1229667,1229667,1229667,4.78%
2021-01-05,1172055,1173524,1173524,1173524,5.40%
2021-01-04,1111982,1113376,1113376,1113376,0.56%
2021-01-01,1105845,1105845,1105845,1105845,0.00%
2020-12-30,1105815,1105815,1105815,1105815,1.79%
2020-12-29,1086335,1087697,1087697,1087697,5.06%
2020-12-28,1034039,1035335,1035335,1035335,-0.12%
2020-12-23,1035257,1036554,1036554,1036554,-2.41%
2020-12-22,1060806,1062136,1062136,1062136,-0.55%
2020-12-21,1066687,1068024,1068024,1068024,0.66%
2020-12-18,1059725,1061053,1061053,1061053,1.13%
2020-12-17,1047905,1049218,1049218,1049218,-2.32%
2020-12-16,1072754,1074098,1074098,1074098,-1.11%
2020-12-15,1084807,1086166,1086166,1086166,-1.57%
2020-12-11,1102064,1102064,1102064,1102064,1.89%
2020-12-10,1081640,1082996,1082996,1082996,0.41%
2020-12-09,1077223,1078573,1078573,1078573,-0.13%
2020-12-08,1078600,1082940,1082940,1079952,-0.40%
2020-12-07,1082940,1082940,1082940,1082940,-0.04%
2020-12-04,1083425,1084783,1084783,1084783,5.55%
2020-12-03,1026479,1027766,1027766,1027766,1.85%
2020-12-02,1007878,1009141,1009141,1009141,-2.84%
2020-12-01,1037324,1038624,1038624,1038624,-1.04%
2020-11-30,1048185,1049499,1049499,1049499,1.44%
2020-11-27,1033297,1034592,1034592,1034592,6.33%
2020-11-26,971749,972967,972967,972967,5.26%
2020-11-25,923192,924349,924349,924349,0.85%
2020-11-24,915445,916592,916592,916592,17.35%
2020-11-20,780070,781048,781048,781048,10.04%
2020-11-19,708925,709813,709813,709813,4.34%
2020-11-18,679453,680305,680305,680305,1.52%
2020-11-17,669298,670137,670137,670137,0.64%
2020-11-16,665046,665880,665880,665880,3.15%
2020-11-13,644707,645515,645515,645515,6.39%
2020-11-12,605957,606717,606717,606717,6.27%
2020-11-11,570193,570908,570908,570908,4.23%
2020-11-10,547072,547757,547757,547757,2.38%
2020-11-09,534380,535050,535050,535050,0.07%
2020-11-06,534008,534677,534677,534677,1.49%
2020-11-05,526162,526821,526821,526821,1.77%
2020-11-04,516991,517639,517639,517639,0.20%
2020-11-03,515939,516585,516585,516585,0.25%
2020-11-02,514629,515274,515274,515274,-0.61%
2020-10-30,517785,518434,518434,518434,2.48%
2020-10-29,505275,505909,505909,505909,3.75%
2020-10-28,486996,487607,487607,487607,3.61%
2020-10-27,470011,470600,470600,470600,1.49%
2020-10-26,463131,463711,463711,463711,0.94%
2020-10-22,458805,459379,459379,459379,0.59%
2020-10-21,456099,456671,456671,456671,0.07%
2020-10-20,455778,456349,456349,456349,0.35%
2020-10-19,454168,454737,454737,454737,0.54%
2020-10-16,451712,450291,452278,450291,0.44%
2020-10-15,449727,450291,450291,450291,0.03%
2020-10-14,449593,450156,450156,450156,-0.48%
2020-10-13,451761,452327,452327,452327,0.00%
2020-10-09,451741,446432,451741,451741,0.49%
2020-10-08,449542,440172,449542,440172,2.03%
2020-10-07,440584,441136,441136,441136,0.22%
2020-10-06,439621,440172,440172,440172,0.67%
2020-10-05,436676,437223,437223,437223,-0.17%
2020-10-02,437421,437969,437969,437969,0.33%
2020-10-01,435961,436132,436507,436132,0.09%
2020-09-30,435586,436132,436132,436132,1.39%
2020-09-29,429594,430132,430132,430132,2.25%
2020-09-28,420141,420667,420667,420667,1.64%
2020-09-25,413343,413861,413861,413861,3.75%
2020-09-24,398398,398897,398897,398897,1.85%
2020-09-23,391148,391638,391638,391638,1.36%
2020-09-22,385901,386385,386385,386385,3.08%
2020-09-21,374374,374843,374843,374843,0.29%
2020-09-18,373301,373768,373768,373768,1.33%
2020-09-17,368403,368865,368865,368865,0.85%
2020-09-16,365311,365769,365769,365769,0.08%
2020-09-15,365012,365470,365470,365470,0.76%
2020-09-11,362257,362711,362711,362711,0.64%
2020-09-10,359953,360404,360404,360404,0.09%
2020-09-09,359613,360064,360064,360064,0.46%
2020-09-08,357958,358407,358407,358407,0.87%
2020-09-07,354854,355299,355299,355299,1.81%
2020-09-04,348558,348995,348995,348995,3.14%
2020-09-03,337931,338355,338355,338355,1.12%
2020-09-02,334184,334602,334602,334602,1.66%
2020-09-01,328729,329141,329141,329141,0.55%
2020-08-31,326930,327339,327339,327339,0.97%
2020-08-28,323800,324206,324206,324206,2.53%
2020-08-27,315799,316194,316194,316194,1.20%
2020-08-26,312060,312451,312451,312451,1.57%
2020-08-25,307221,305874,307606,305874,0.57%
2020-08-24,305492,305874,305874,305874,0.26%
2020-08-21,304689,305071,305071,305071,0.63%
2020-08-20,302779,303159,303159,303159,2.28%
2020-08-19,296027,296398,296398,296398,1.45%
2020-08-18,291797,292162,292162,292162,0.78%
2020-08-17,289551,289914,289914,289914,-1.49%
2020-08-14,293921,294289,294289,294289,2.54%
2020-08-13,286649,283648,287009,283648,1.18%
2020-08-12,283293,283648,283648,283648,-0.04%
2020-08-11,283415,283770,283770,283770,-0.17%
2020-08-10,283890,284246,284246,284246,2.36%
2020-08-07,277344,277691,277691,277691,2.59%
2020-08-06,270355,270693,270693,270693,2.05%
2020-08-05,264934,265266,265266,265266,0.96%
2020-08-04,262413,262741,262741,262741,0.07%
2020-08-03,262233,262233,262233,262233,1.34%
2020-07-31,258772,258772,258772,258772,0.28%
2020-07-30,258042,258042,258042,258042,3.48%
2020-07-29,249369,249369,249369,249369,0.04%
2020-07-28,249269,249269,249269,249269,1.85%
2020-07-27,244750,244750,244750,244750,1.28%
2020-07-23,241668,241668,241668,241668,2.01%
2020-07-22,236914,236914,236914,236914,2.36%
2020-07-21,231460,231460,231460,231460,1.26%
2020-07-20,228574,228574,228574,228574,0.97%
2020-07-17,226377,226377,226377,226377,1.27%
2020-07-16,223544,223544,223544,223544,1.29%
2020-07-15,220708,220708,220708,220708,0.54%
2020-07-14,219525,219525,219525,219525,1.33%
2020-07-13,216635,216635,216635,216635,0.42%
2020-07-10,215723,215723,215723,215723,0.93%
2020-07-09,213739,213739,213739,213739,1.10%
2020-07-08,211410,211278,211410,211410,1.66%
2020-07-07,207956,207956,208217,207956,0.24%
2020-07-06,207463,207463,207463,207463,0.36%
2020-07-03,206712,206712,206712,206712,0.60%
2020-07-02,205476,205476,205476,205476,0.34%
2020-07-01,204772,204772,204772,204772,0.30%
2020-06-30,204162,204162,204162,204162,1.03%
2020-06-26,202079,202079,202079,202079,0.09%
2020-06-25,201904,201904,201904,201904,0.10%
2020-06-23,201709,201709,201709,201709,0.11%
2020-06-22,201486,201486,201486,201486,-0.56%
2020-06-18,202630,202630,202630,202630,-0.28%
2020-06-17,203204,203385,203385,203204,-0.09%
2020-06-16,203385,203385,203385,203385,0.07%
2020-06-15,203251,203251,203251,203251,0.12%
2020-06-12,203003,203003,203003,203003,0.39%
2020-06-11,202212,202212,202212,202212,0.65%
2020-06-10,200915,200915,200915,200915,1.65%
2020-06-09,197646,197646,197646,197646,-0.15%
2020-06-08,197937,197937,197937,197937,-0.42%
2020-06-05,198782,198782,198782,198782,0.19%
2020-06-04,198403,198403,198403,198403,0.58%
2020-06-03,197268,197268,197268,197268,0.17%
2020-06-02,196943,196943,196943,196943,-0.31%
2020-06-01,197548,197548,197548,197548,-0.16%
2020-05-29,197863,197863,197863,197863,0.45%
2020-05-28,196968,196968,196968,196968,0.59%
2020-05-27,195805,193223,195805,193223,1.34%
2020-05-26,193223,193223,193223,193223,0.03%
2020-05-22,193163,187895,193163,187895,2.80%
2020-05-21,187895,187895,187895,187895,2.50%
2020-05-20,183304,183304,183304,183304,0.38%
2020-05-19,182606,182606,182606,182606,-0.27%
2020-05-18,183108,183108,183108,183108,0.16%
2020-05-15,182819,182819,182819,182819,0.76%
2020-05-14,181449,181449,181449,181449,1.47%
2020-05-13,178818,178818,178818,178818,0.29%
2020-05-12,178309,178309,178309,178309,-0.32%
2020-05-11,178881,178881,178881,178881,0.05%
2020-05-08,178795,178795,178795,178795,3.51%
2020-05-07,172737,172737,172737,172737,2.12%
2020-05-06,169152,169152,169152,169152,-1.46%
2020-05-05,171660,171660,171660,171660,-2.02%
2020-05-04,175195,175195,175195,175195,-0.64%
2020-04-30,176317,176317,176317,176317,-0.01%
2020-04-29,176342,176342,176342,176342,0.51%
2020-04-28,175440,175440,175440,175440,3.12%
2020-04-27,170130,170130,170130,170130,-0.43%
2020-04-24,170859,171361,171361,170859,-0.29%
2020-04-23,171361,171361,171361,171361,18.36%
2020-04-22,144776,144776,144776,144776,12.29%
2020-04-21,128932,128932,128932,128932,0.82%
2020-04-20,127884,127884,127884,127884,1.97%
2020-04-17,125417,125417,125417,125417,-0.32%
2020-04-16,125818,120709,125818,120709,4.23%
2020-04-15,120709,120709,120709,120709,6.17%
2020-04-14,113692,113692,113692,113692,7.49%
2020-04-13,105774,105774,105774,105774,4.88%
2020-04-08,100854,100854,100854,100854,4.50%
2020-04-07,96512,96512,96512,96512,5.23%
2020-04-06,91717,91717,91717,91717,5.97%
2020-04-03,86550,86550,86550,86550,2.32%
2020-04-02,84587,84587,84587,84587,1.58%
2020-04-01,83272,83272,83272,83272,3.00%
2020-03-31,80845,80845,80845,80845,0.84%
2020-03-30,80170,80170,80170,80170,3.05%
2020-03-27,77796,77796,77796,77796,5.50%
2020-03-26,73738,73738,73738,73738,3.68%
2020-03-25,71120,71120,71120,71120,0.50%
2020-03-24,70766,70766,70766,70766,1.37%
2020-03-23,69809,69809,69809,69809,-3.27%
2020-03-18,72170,72170,72170,72170,-2.36%
2020-03-17,73915,73915,73915,73915,-0.19%
2020-03-16,74054,74054,74054,74054,0.09%
2020-03-13,73989,73989,73989,73989,0.53%
2020-03-12,73597,73597,73597,73597,0.05%
2020-03-11,73557,73557,73557,73557,0.43%
2020-03-10,73243,73243,73243,73243,0.11%
2020-03-09,73164,73164,73164,73164,0.04%
2020-03-06,73133,73133,73133,73133,0.04%
2020-03-05,73102,73102,73102,73102,-0.62%
2020-03-04,73561,73561,73561,73561,-0.24%
2020-03-03,73737,73737,73737,73737,-0.21%
2020-03-02,73895,73895,73895,73895,-0.14%
2020-02-28,74000,74000,74000,74000,0.60%
2020-02-27,73560,73560,73560,73560,0.07%
2020-02-26,73511,73511,73511,73511,0.34%
2020-02-25,73259,73259,73259,73259,0.00%
2020-02-24,73259,73259,73259,73259,0.00%
2020-02-21,73259,73259,73259,73259,-0.59%
2020-02-20,73695,73695,73695,73695,0.04%
2020-02-19,73668,73668,73668,73668,-0.02%
2020-02-18,73680,73680,73680,73680,0.41%
2020-02-17,73379,73379,73379,73379,0.11%
2020-02-14,73302,73302,73302,73302,-0.26%
2020-02-13,73491,73491,73491,73491,0.13%
2020-02-12,73395,73395,73395,73395,0.43%
2020-02-11,73081,73081,73081,73081,0.17%
2020-02-10,72957,72957,72957,72957,-0.52%
2020-02-07,73339,73339,73339,73339,-0.25%
2020-02-06,73520,73520,73520,73520,0.01%
2020-02-05,73515,73515,73515,73515,0.36%
2020-02-04,73250,73250,73250,73250,0.55%
2020-02-03,72851,72851,72851,72851,-1.47%
2020-01-31,73934,73934,73934,73934,-1.28%
2020-01-30,74896,74896,74896,74896,0.11%
2020-01-29,74810,74810,74810,74810,0.24%
2020-01-28,74634,74634,74634,74634,0.38%
2020-01-27,74351,74351,74351,74351,-0.31%
2020-01-24,74580,74580,74580,74580,0.58%
2020-01-23,74151,74151,74151,74151,0.74%
2020-01-22,73609,73609,73609,73609,0.37%
2020-01-21,73339,73339,73339,73339,-0.96%
2020-01-20,74047,74047,74047,74047,0.00%
2020-01-17,74047,74047,74047,74047,2.65%
2020-01-16,72138,72138,72138,72138,1.43%
2020-01-15,71119,71119,71119,71119,5.00%
2020-01-14,67730,67730,67730,67730,0.00%
2020-01-13,67730,67730,67730,67730,0.89%
2020-01-10,67130,67130,67130,67130,7.89%
2020-01-09,62221,62221,62221,62221,2.15%
2020-01-08,60914,60914,60914,60914,7.49%
2020-01-07,56670,56670,56670,56670,4.22%
2020-01-06,54374,54374,54374,54374,0.00%
2020-01-03,54374,54374,54374,54374,11.77%
2020-01-02,48648,48648,48648,48648,4.48%
2020-01-01,46563,46563,46563,46563,0.00%
2019-12-31,46563,46563,46563,46563,0.00%
2019-12-30,46563,46563,46563,46563,1.63%
2019-12-27,45817,45817,45817,45817,1.36%
2019-12-26,45201,45201,45201,45201,-0.65%
2019-12-25,45496,45496,45496,45496,0.00%
2019-12-24,45496,45496,45496,45496,0.00%
2019-12-23,45496,45496,45496,45496,-2.41%
2019-12-20,46619,46619,46619,46619,-1.04%
2019-12-19,47109,47109,47109,47109,-1.62%
2019-12-18,47883,47883,47883,47883,2.12%
2019-12-17,46888,46888,46888,46888,1.25%
2019-12-16,46309,46309,46309,46309,0.13%
2019-12-13,46246,46246,46246,46246,0.03%
2019-12-12,46234,46234,46234,46234,0.34%
2019-12-11,46077,46077,46077,46077,3.42%
2019-12-10,44555,44555,44555,44555,2.20%
2019-12-09,43597,43597,43597,43597,3.71%
2019-12-06,42035,42035,42035,42035,0.99%
2019-12-05,41623,41623,41623,41623,4.32%
2019-12-04,39898,39898,39898,39898,3.88%
2019-12-03,38408,38408,38408,38408,2.26%
2019-12-02,37559,37559,37559,37559,-3.53%
2019-11-29,38932,38932,38932,38932,2.03%
2019-11-28,38156,38156,38156,38156,4.00%
2019-11-27,36688,36688,36688,36688,3.56%
2019-11-26,35426,35426,35426,35426,6.29%
2019-11-25,33329,33329,33329,33329,2.24%
2019-11-22,32598,32598,32598,32598,1.39%
2019-11-21,32150,32150,32150,32150,0.29%
2019-11-20,32056,32056,32056,32056,5.46%
2019-11-19,30397,30397,30397,30397,5.11%
2019-11-18,28919,28919,28919,28919,-1.46%
2019-11-15,29347,29347,29347,29347,-2.34%
2019-11-14,30048,30048,30048,30048,0.45%
2019-11-13,29912,29912,29912,29912,7.11%
2019-11-12,27927,27927,27927,27927,4.41%
2019-11-11,26748,26748,26748,26748,4.07%
2019-11-08,25702,25702,25702,25702,6.22%
2019-11-07,24198,24198,24198,24198,2.95%
2019-11-06,23504,23504,23504,23504,3.60%
2019-11-05,22688,22688,22688,22688,0.99%
2019-11-04,22466,22466,22466,22466,0.00%
2019-11-01,22466,22466,22466,22466,-3.88%
2019-10-31,23374,23374,23374,23374,-4.15%
2019-10-30,24385,24385,24385,24385,3.43%
2019-10-29,23576,23576,23576,23576,8.98%
2019-10-28,21633,21633,21633,21633,5.89%
2019-10-25,20429,19734,20429,19734,3.52%
2019-10-24,19733,19733,19733,19733,6.30%
2019-10-23,18564,18564,18564,18564,1.12%
2019-10-22,18357,18357,18357,18357,0.03%
2019-10-21,18352,18352,18352,18352,-1.80%
2019-10-18,18687,18687,18687,18687,-2.42%
2019-10-17,19150,19150,19150,19150,1.69%
2019-10-16,18831,18831,18831,18831,-0.53%
2019-10-15,18931,18931,18931,18931,-0.37%
2019-10-14,19002,19002,19002,19002,-3.59%
2019-10-11,19709,19709,19709,19709,1.65%
2019-10-10,19389,19389,19389,19389,-1.74%
2019-10-09,19734,19734,19734,19734,0.48%
2019-10-08,19639,19639,19639,19639,-2.23%
2019-10-07,20088,20088,20088,20088,-0.52%
2019-10-04,20193,20193,20193,20193,0.27%
2019-10-03,20138,20229,20229,20138,-0.45%
2019-10-02,20229,20229,20229,20229,-0.84%
2019-10-01,20400,20400,20400,20400,-1.55%
2019-09-30,20720,20720,20720,20720,-1.34%
2019-09-27,21002,20878,21002,20878,0.60%
2019-09-26,20878,20878,20878,20878,0.94%
2019-09-25,20682,20682,20682,20682,3.60%
2019-09-24,19964,19964,19964,19964,1.10%
2019-09-23,19745,19745,19745,19745,0.28%
2019-09-20,19691,19847,19847,19691,-0.79%
2019-09-19,19847,19847,19847,19847,0.16%
2019-09-18,19815,19815,19815,19815,-0.25%
2019-09-17,19864,19864,19864,19864,-7.73%
2019-09-16,21528,21528,21528,21528,0.00%
2019-09-13,21528,21528,21528,21528,0.52%
2019-09-12,21418,21418,21418,21418,1.02%
2019-09-11,21202,21202,21202,21202,0.22%
2019-09-10,21155,21155,21155,21155,3.29%
2019-09-09,20481,20481,20481,20481,0.37%
2019-09-06,20405,20405,20405,20405,-2.53%
2019-09-05,20934,20934,20934,20934,-11.47%
2019-09-04,23646,23646,23646,23646,-0.69%
2019-09-03,23811,23811,23811,23811,2.19%
2019-09-02,23301,23301,23301,23301,5.15%
2019-08-30,22159,22159,22159,22159,8.17%
2019-08-29,20485,20485,20485,20485,11.41%
2019-08-28,18387,18387,18387,18387,4.30%
2019-08-27,17630,17630,17630,17630,6.88%
2019-08-26,16495,16495,16495,16495,3.36%
2019-08-23,15960,16151,16151,16151,0.60%
2019-08-22,15864,15864,15864,15864,1.27%
2019-08-21,15665,15665,15665,15665,7.12%
2019-08-20,14625,14625,14625,14625,1.10%
2019-08-19,14465,14465,14465,14465,0.00%
2019-08-16,14465,14465,14465,14465,2.93%
2019-08-15,14054,14054,14054,14054,1.08%
2019-08-14,13904,13904,13904,13904,1.15%
2019-08-13,13746,13746,13746,13746,1.10%
2019-08-12,13596,13596,13596,13596,2.93%
2019-08-09,13209,13209,13209,13209,1.70%
2019-08-08,12988,12988,12988,12988,1.53%
2019-08-07,12793,12793,12793,12793,1.98%
2019-08-06,12544,12544,12544,12544,4.30%
2019-08-05,12027,12027,12027,12027,0.85%
2019-08-02,11925,11925,11925,11925,0.26%
2019-08-01,11894,11894,11894,11894,5.72%
2019-07-31,11250,11250,11250,11250,4.97%
2019-07-30,10718,10718,10718,10718,9.16%
2019-07-29,9819,9819,9819,9819,11.23%
2019-07-26,8827,8827,8827,8827,3.29%
2019-07-25,8547,8547,8547,8547,6.07%
2019-07-24,8058,8058,8058,8058,0.00%
2019-07-23,8058,8058,8058,8058,6.02%
2019-07-22,7600,7600,7600,7600,1.41%
2019-07-19,7495,7495,7495,7495,0.38%
2019-07-18,7466,7466,7466,7466,1.78%
2019-07-17,7336,7336,7336,7336,1.37%
2019-07-16,7237,7237,7237,7237,0.00%
2019-07-15,7237,7237,7237,7237,0.57%
2019-07-12,7196,7196,7196,7196,0.67%
2019-07-11,7148,7148,7148,7148,0.17%
2019-07-10,7136,7136,7136,7136,0.58%
2019-07-09,7094,7094,7094,7094,1.81%
2019-07-08,6968,6968,6968,6968,-3.16%
2019-07-05,7196,7196,7196,7196,0.00%
2019-07-04,7196,7196,7196,7196,4.09%
2019-07-03,6914,6914,6914,6914,3.55%
2019-07-02,6677,6677,6677,6677,-0.79%
2019-07-01,6730,6730,6730,6730,0.08%
2019-06-28,6725,6725,6725,6725,2.54%
2019-06-27,6558,6558,6558,6558,1.35%
2019-06-26,6471,6471,6471,6471,1.89%
2019-06-25,6351,6351,6351,6351,-2.51%
2019-06-24,6515,6515,6515,6515,0.00%
2019-06-21,6515,6515,6515,6515,3.67%
2019-06-20,6284,6284,6284,6284,0.30%
2019-06-19,6265,6265,6265,6265,0.88%
2019-06-18,6211,6211,6211,6211,-0.42%
2019-06-17,6237,6237,6237,6237,0.00%
2019-06-14,6237,6237,6237,6237,1.09%
2019-06-13,6169,6169,6169,6169,0.28%
2019-06-12,6152,6152,6152,6152,0.34%
2019-06-11,6131,6131,6131,6131,0.86%
2019-06-10,6079,6079,6079,6079,0.62%
2019-06-07,6042,6042,6042,6042,0.26%
2019-06-06,6026,6026,6026,6026,1.93%
2019-06-05,5912,5912,5912,5912,0.26%
2019-06-04,5896,5896,5896,5896,0.27%
2019-06-03,5881,5881,5881,5881,0.00%
2019-05-31,5881,5881,5881,5881,2.74%
2019-05-30,5724,5724,5724,5724,-1.69%
2019-05-29,5822,5822,5822,5822,-0.10%
2019-05-28,5828,5828,5828,5828,1.13%
2019-05-27,5763,5763,5763,5763,0.55%
2019-05-24,5731,5731,5731,5731,1.72%
2019-05-23,5634,5634,5634,5634,0.05%
2019-05-22,5631,5631,5631,5631,0.09%
2019-05-21,5627,5627,5627,5627,1.58%
2019-05-20,5539,5539,5539,5539,-0.20%
2019-05-17,5550,5550,5550,5550,2.87%
2019-05-16,5395,5395,5395,5395,0.62%
2019-05-15,5362,5362,5362,5362,2.15%
2019-05-14,5250,5250,5250,5250,-0.12%
2019-05-13,5256,5256,5256,5256,1.15%
2019-05-10,5196,5196,5196,5196,0.00%
2019-05-09,5196,5196,5196,5196,0.00%
2019-05-08,5196,5196,5196,5196,0.00%
2019-05-07,5196,5196,5196,5196,0.00%
2019-05-06,5196,5196,5196,5196,0.00%
2019-05-03,5196,5196,5196,5196,0.00%
2019-05-02,5197,5197,5197,5197,0.00%
2019-05-01,5196,5196,5196,5196,0.00%
2019-04-30,5196,5196,5196,5196,0.00%
2019-04-29,5196,5196,5196,5196,0.01%
2019-04-26,5196,5196,5196,5196,0.00%
2019-04-25,5195,5195,5195,5195,0.00%
2019-04-24,5195,5195,5195,5195,0.02%
2019-04-23,5195,5195,5195,5195,0.02%
2019-04-22,5194,5194,5194,5194,26.42%
2019-04-19,4108,4108,4108,4108,0.00%
2019-04-18,4108,4108,4108,4108,0.00%
2019-04-17,4108,4108,4108,4108,0.00%
2019-04-16,4108,4108,4108,4108,0.33%
2019-04-15,4095,4095,4095,4095,23.53%
2019-04-12,3315,3315,3315,3315,0.14%
2019-04-11,3310,3310,3310,3310,0.08%
2019-04-10,3308,3305,3308,3305,0.08%
2019-04-09,3305,3305,3305,3305,0.03%
2019-04-08,3304,3304,3304,3304,0.18%
2019-04-05,3298,3298,3298,3298,0.06%
2019-04-04,3296,3296,3296,3296,0.06%
2019-04-03,3294,3294,3294,3294,0.07%
2019-04-02,3292,3292,3292,3292,0.00%
2019-04-01,3292,3292,3292,3292,0.04%
2019-03-29,3290,3290,3290,3290,0.00%
2019-03-28,3290,3290,3290,3290,0.00%
2019-03-27,3290,3290,3290,3290,0.00%
2019-03-26,3290,3290,3290,3290,0.00%
2019-03-25,3290,3290,3290,3290,-0.02%
2019-03-22,3291,3291,3291,3291,-0.07%
2019-03-21,3293,3295,3295,3293,-0.06%
2019-03-20,3295,3295,3295,3295,0.04%
2019-03-19,3294,3294,3294,3294,0.00%
2019-03-18,3294,3294,3294,3294,0.05%
2019-03-15,3292,3292,3292,3292,-0.05%
2019-03-14,3294,3294,3294,3294,-0.05%
2019-03-13,3295,3295,3295,3295,0.00%
2019-03-12,3295,3295,3295,3295,0.00%
2019-03-11,3295,3295,3295,3295,0.00%
2019-03-08,3295,3295,3295,3295,0.00%
2019-03-07,3295,3295,3295,3295,0.02%
2019-03-06,3295,3295,3295,3295,-0.07%
2019-03-05,3297,3297,3297,3297,0.00%
2019-03-04,3297,3297,3297,3297,0.00%
2019-03-01,3297,3297,3297,3297,-0.04%
2019-02-28,3298,3298,3298,3298,0.12%
2019-02-27,3294,3294,3294,3294,-0.11%
2019-02-26,3298,3298,3298,3298,0.06%
2019-02-25,3296,3296,3296,3296,0.00%
2019-02-22,3295,3295,3295,3295,0.02%
2019-02-21,3295,3295,3295,3295,0.00%
2019-02-20,3295,3295,3295,3295,0.00%
2019-02-19,3294,3294,3294,3294,0.00%
2019-02-18,3294,3294,3294,3294,0.00%
2019-02-15,3294,3294,3294,3294,0.00%
2019-02-14,3294,3294,3294,3294,0.00%
2019-02-13,3294,3294,3294,3294,0.00%
2019-02-12,3294,3294,3294,3294,-0.02%
2019-02-11,3295,3295,3295,3295,0.02%
2019-02-08,3294,3294,3294,3294,0.00%
2019-02-07,3294,3294,3294,3294,0.00%
2019-02-06,3293,3293,3293,3293,0.00%
2019-02-05,3293,3293,3293,3293,0.00%
2019-02-04,3293,3293,3293,3293,-0.03%
2019-02-01,3294,3294,3294,3294,-0.03%
2019-01-31,3295,3295,3295,3295,0.00%
2019-01-30,3295,3295,3295,3295,0.00%
2019-01-29,3295,3295,3295,3295,0.00%
2019-01-28,3295,3295,3295,3295,58.28%
2019-01-25,2082,2082,2082,2082,32.55%
2019-01-24,1571,1571,1571,1571,0.00%
2019-01-23,1571,1571,1571,1571,18.69%
2019-01-22,1323,1323,1323,1323,0.00%
2019-01-21,1323,1323,1323,1323,17.93%
2019-01-18,1122,1122,1122,1122,12.15%
2019-01-17,1000,1000,1000,1000,0.00%
2019-01-16,1000,1000,1000,1000,5.51%
2019-01-15,948,948,948,948,0.00%
2019-01-14,948,948,948,948,10.11%
2019-01-11,861,861,861,861,8.41%
2019-01-10,794,794,794,794,0.00%
2019-01-09,794,794,794,794,12.90%
2019-01-08,704,704,704,704,0.00%
2019-01-07,704,704,704,704,10.40%
2019-01-04,637,637,637,637,0.00%
2019-01-03,637,637,637,637,0.00%
2019-01-02,637,637,637,637,0.00%
2019-01-01,637,637,637,637,0.00%
2018-12-31,637,637,637,637,0.00%
2018-12-28,637,637,637,637,13.16%
2018-12-27,563,563,563,563,0.00%
2018-12-26,563,563,563,563,11.82%
2018-12-25,504,504,504,504,0.00%
2018-12-24,504,504,504,504,0.00%
2018-12-21,504,504,504,504,12.68%
2018-12-20,447,447,447,447,0.00%
2018-12-19,447,447,447,447,15.12%
2018-12-18,388,388,388,388,0.00%
2018-12-17,388,388,388,388,10.24%
2018-12-14,352,352,352,352,17.04%
2018-12-13,301,301,301,301,0.00%
2018-12-12,301,301,301,301,18.78%
2018-12-11,253,253,253,253,0.00%
2018-12-10,253,253,253,253,19.30%
2018-12-07,212,212,212,212,12.81%
2018-12-06,188,188,188,188,0.00%
2018-12-05,188,188,188,188,20.00%
2018-12-04,157,157,157,157,0.00%
2018-12-03,157,157,157,157,3.61%
2018-11-30,151,151,151,151,76.59%
2018-11-29,86,86,86,86,0.00%
2018-11-28,86,86,86,86,4.39%
2018-11-27,82,82,82,82,0.00%
2018-11-26,82,82,82,82,3.39%
2018-11-23,79,79,79,79,3.04%
2018-11-22,77,77,77,77,0.00%
2018-11-21,77,77,77,77,6.07%
2018-11-20,73,73,73,73,0.00%
2018-11-19,73,73,73,73,3.96%
2018-11-16,70,70,70,70,4.18%
2018-11-15,67,67,67,67,0.00%
2018-11-14,67,67,67,67,2.72%
2018-11-13,65,65,65,65,0.00%
2018-11-12,65,65,65,65,0.00%
2018-11-09,65,65,65,65,0.00%
2018-11-08,65,65,65,65,0.00%
2018-11-07,65,65,65,65,0.00%
2018-11-06,65,65,65,65,0.00%
2018-11-05,65,65,65,65,0.00%
2018-11-02,65,65,65,65,0.00%
2018-11-01,65,65,65,65,0.00%
2018-10-31,65,65,65,65,0.00%
2018-10-30,64,64,64,64,0.00%
2018-10-29,64,64,64,64,0.00%
2018-10-26,64,64,64,64,0.00%
2018-10-25,64,64,64,64,0.00%
2018-10-24,64,64,64,64,0.00%
2018-10-23,64,64,64,64,0.00%
2018-10-22,64,64,64,64,0.00%
2018-10-19,64,64,64,64,0.00%
2018-10-18,63,63,63,63,0.00%
2018-10-17,63,63,63,63,0.00%
2018-10-16,63,63,63,63,0.00%
2018-10-15,63,63,63,63,0.00%
2018-10-12,63,63,63,63,0.00%
2018-10-11,63,63,63,63,0.00%
2018-10-10,63,63,63,63,0.00%
2018-10-09,63,63,63,63,0.00%
2018-10-08,63,63,63,63,0.00%
2018-10-05,63,63,63,63,0.00%
2018-10-04,62,62,62,62,0.00%
2018-10-03,62,62,62,62,0.00%
2018-10-02,62,62,62,62,0.00%
2018-10-01,62,62,62,62,0.00%
2018-09-28,62,62,62,62,0.00%
2018-09-27,62,62,62,62,0.00%
2018-09-26,62,62,62,62,0.00%
2018-09-25,62,62,62,62,0.00%
2018-09-24,62,62,62,62,0.00%
2018-09-21,62,62,62,62,0.92%
2018-09-20,61,61,61,61,0.00%
2018-09-19,61,61,61,61,0.00%
2018-09-18,61,61,61,61,0.00%
2018-09-17,61,61,61,61,0.00%
2018-09-14,61,61,61,61,-0.97%
2018-09-13,62,62,62,62,0.00%
2018-09-12,62,62,62,62,0.00%
2018-09-11,62,62,62,62,0.00%
2018-09-10,62,62,62,62,0.00%
2018-09-07,62,62,62,62,0.00%
2018-09-06,61,61,61,61,0.00%
2018-09-05,61,61,61,61,0.90%
2018-09-04,61,61,61,61,0.00%
2018-09-03,61,61,61,61,0.00%
2018-08-31,61,61,61,61,0.00%
2018-08-30,61,61,61,61,0.00%
2018-08-29,61,61,61,61,0.00%
2018-08-28,61,61,61,61,0.00%
2018-08-27,61,61,61,61,1.06%
2018-08-24,60,60,60,60,0.00%
2018-08-23,60,60,60,60,0.00%
2018-08-22,60,60,60,60,0.00%
2018-08-21,60,60,60,60,0.00%
2018-08-20,60,60,60,60,"2,311.27%"
2018-08-17,2,2,2,2,0.00%
2018-08-16,2,2,2,2,0.00%
2018-08-15,2,2,2,2,0.00%
2018-08-14,2,2,2,2,0.00%
2018-08-13,2,2,2,2,0.00%
2018-08-10,2,2,2,2,0.00%
2018-08-09,2,2,2,2,0.00%
2018-08-08,2,2,2,2,0.00%
2018-08-07,2,2,2,2,0.00%
2018-08-06,2,2,2,2,0.00%
2018-08-03,2,2,2,2,0.00%
2018-08-02,2,2,2,2,0.00%
2018-08-01,2,2,2,2,0.00%
2018-07-31,2,2,2,2,0.00%
2018-07-30,2,2,2,2,0.00%
2018-07-27,2,2,2,2,0.00%
2018-07-26,1,1,1,1,0.00%
2018-07-25,1,1,1,1,0.00%
2018-07-24,1,1,1,1,0.00%
2018-07-23,1,1,1,1,0.00%
2018-07-20,1,1,1,1,0.00%
2018-07-19,1,1,1,1,0.00%
2018-07-18,1,1,1,1,0.00%
2018-07-17,1,1,1,1,0.00%
2018-07-16,1,1,1,1,0.00%
2018-07-13,1,1,1,1,0.00%
2018-07-12,1,1,1,1,0.00%
2018-07-11,1,1,1,1,0.00%
2018-07-10,1,1,1,1,0.00%
2018-07-09,1,1,1,1,0.00%
2018-07-06,1,1,1,1,0.00%
2018-07-05,1,1,1,1,0.00%
2018-07-04,1,1,1,1,0.00%
2018-07-03,1,1,1,1,0.00%
2018-07-02,1,1,1,1,0.00%
2018-06-29,1,1,1,1,0.00%
2018-06-28,1,1,1,1,0.00%
2018-06-27,1,1,1,1,0.00%
2018-06-26,1,1,1,1,0.00%
2018-06-25,1,1,1,1,0.00%
2018-06-22,1,1,1,1,0.00%
2018-06-21,1,1,1,1,0.00%
2018-06-20,1,1,1,1,0.00%
2018-06-19,1,1,1,1,0.00%
2018-06-18,1,1,1,1,0.00%
2018-06-15,1,1,1,1,0.00%
2018-06-14,1,1,1,1,0.00%
2018-06-13,1,1,1,1,0.00%
2018-06-12,1,1,1,1,0.00%
2018-06-11,1,1,1,1,0.00%
2018-06-08,1,1,1,1,0.00%
2018-06-07,1,1,1,1,0.00%
2018-06-06,1,1,1,1,0.00%
2018-06-05,1,1,1,1,0.00%
2018-06-04,1,1,1,1,0.00%
2018-06-01,1,1,1,1,0.00%
2018-05-31,1,1,1,1,0.00%
2018-05-30,1,1,1,1,0.00%
2018-05-29,1,1,1,1,0.00%
2018-05-28,1,1,1,1,0.00%
2018-05-25,1,1,1,1,0.00%
2018-05-24,1,1,1,1,0.00%
2018-05-23,1,1,1,1,0.00%
2018-05-22,1,1,1,1,0.00%
2018-05-21,1,1,1,1,0.00%
2018-05-18,1,1,1,1,0.00%
2018-05-17,1,1,1,1,0.00%
2018-05-16,1,1,1,1,0.00%
2018-05-15,1,1,1,1,0.00%
2018-05-14,1,1,1,1,0.00%
2018-05-11,1,1,1,1,0.00%
2018-05-10,1,1,1,1,0.00%
2018-05-09,1,1,1,1,0.00%
2018-05-08,1,1,1,1,0.00%
2018-05-07,1,1,1,1,0.00%
2018-05-04,1,1,1,1,0.00%
2018-05-03,1,1,1,1,0.00%
2018-05-02,1,1,1,1,0.00%
2018-05-01,1,1,1,1,0.00%
2018-04-30,1,1,1,1,0.00%
2018-04-27,1,1,1,1,0.00%
2018-04-26,1,1,1,1,0.00%
2018-04-25,1,1,1,1,0.00%
2018-04-24,1,1,1,1,0.00%
2018-04-23,1,1,1,1,0.00%
2018-04-20,1,1,1,1,0.00%
2018-04-19,1,1,1,1,0.00%
2018-04-18,1,1,1,1,0.00%
2018-04-17,1,1,1,1,0.00%
2018-04-16,1,1,1,1,0.00%
2018-04-13,1,1,1,1,0.00%
2018-04-12,0,0,0,0,0.00%
2018-04-11,0,0,0,0,0.00%
2018-04-10,0,0,0,0,0.00%
2018-04-09,0,0,0,0,0.00%
2018-04-06,0,0,0,0,0.00%
2018-04-05,0,0,0,0,0.00%
2018-04-04,0,0,0,0,0.00%
2018-04-03,0,0,0,0,0.00%
2018-04-02,0,0,0,0,0.00%
2018-03-30,0,0,0,0,0.00%
2018-03-29,0,0,0,0,0.00%
2018-03-28,0,0,0,0,0.00%
2018-03-27,0,0,0,0,0.00%
2018-03-26,0,0,0,0,0.00%
2018-03-23,0,0,0,0,0.00%
2018-03-22,0,0,0,0,0.00%
2018-03-21,0,0,0,0,0.00%
2018-03-20,0,0,0,0,0.00%
2018-03-19,0,0,0,0,0.00%
2018-03-16,0,0,0,0,0.00%
2018-03-15,0,0,0,0,0.00%
2018-03-14,0,0,0,0,0.00%
2018-03-13,0,0,0,0,0.00%
2018-03-12,0,0,0,0,0.00%
2018-03-09,0,0,0,0,0.00%
2018-03-08,0,0,0,0,0.00%
2018-03-07,0,0,0,0,0.00%
2018-03-06,0,0,0,0,0.00%
2018-03-05,0,0,0,0,0.00%
2018-03-02,0,0,0,0,0.00%
2018-03-01,0,0,0,0,0.00%
2018-02-28,0,0,0,0,0.00%
2018-02-27,0,0,0,0,0.00%
2018-02-26,0,0,0,0,0.00%
2018-02-23,0,0,0,0,0.00%
2018-02-22,0,0,0,0,0.00%
2018-02-21,0,0,0,0,0.00%
2018-02-20,0,0,0,0,0.00%
2018-02-19,0,0,0,0,0.00%
2018-02-16,0,0,0,0,0.00%
2018-02-15,0,0,0,0,0.00%
2018-02-14,0,0,0,0,0.00%
2018-02-13,0,0,0,0,0.00%
2018-02-12,0,0,0,0,0.00%
2018-02-09,0,0,0,0,0.00%
2018-02-08,0,0,0,0,0.00%
2018-02-07,0,0,0,0,0.00%
2018-02-06,0,0,0,0,0.00%
2018-02-05,0,0,0,0,0.00%
2018-02-02,0,0,0,0,0.00%
2018-02-01,0,0,0,0,0.00%
2018-01-31,0,0,0,0,0.00%
2018-01-30,0,0,0,0,0.00%
2018-01-29,0,0,0,0,0.00%
2018-01-26,0,0,0,0,0.00%
2018-01-25,0,0,0,0,0.00%
2018-01-24,0,0,0,0,0.00%
2018-01-23,0,0,0,0,0.00%
2018-01-22,0,0,0,0,0.00%
2018-01-19,0,0,0,0,0.00%
2018-01-18,0,0,0,0,0.00%
2018-01-17,0,0,0,0,0.00%
2018-01-16,0,0,0,0,0.00%
2018-01-15,0,0,0,0,0.00%
2018-01-12,0,0,0,0,0.00%
2018-01-11,0,0,0,0,0.00%
2018-01-10,0,0,0,0,0.00%
2018-01-09,0,0,0,0,0.00%
2018-01-08,0,0,0,0,0.00%
2018-01-05,0,0,0,0,0.00%
2018-01-04,0,0,0,0,0.00%
2018-01-03,0,0,0,0,0.00%
2018-01-02,0,0,0,0,0.00%
2018-01-01,0,0,0,0,0.00%
2017-12-29,0,0,0,0,0.00%
2017-12-28,0,0,0,0,0.00%
2017-12-27,0,0,0,0,0.00%
2017-12-26,0,0,0,0,0.00%
2017-12-25,0,0,0,0,0.00%
2017-12-22,0,0,0,0,0.00%
2017-12-21,0,0,0,0,0.00%
2017-12-20,0,0,0,0,0.00%
2017-12-19,0,0,0,0,0.00%
2017-12-18,0,0,0,0,0.00%
2017-12-15,0,0,0,0,0.00%
2017-12-14,0,0,0,0,0.00%
2017-12-13,0,0,0,0,0.00%
2017-12-12,0,0,0,0,0.00%
2017-12-11,0,0,0,0,0.00%
2017-12-08,0,0,0,0,0.00%
2017-12-07,0,0,0,0,0.00%
2017-12-06,0,0,0,0,0.00%
2017-12-05,0,0,0,0,0.00%
2017-12-04,0,0,0,0,0.00%
2017-12-01,0,0,0,0,0.00%
2017-11-30,0,0,0,0,0.00%
2017-11-29,0,0,0,0,0.00%
2017-11-28,0,0,0,0,0.00%
2017-11-27,0,0,0,0,0.00%
2017-11-24,0,0,0,0,0.00%
2017-11-23,0,0,0,0,0.00%
2017-11-22,0,0,0,0,0.00%
2017-11-21,0,0,0,0,0.00%
2017-11-20,0,0,0,0,0.00%
2017-11-17,0,0,0,0,0.00%
2017-11-16,0,0,0,0,0.00%
2017-11-15,0,0,0,0,0.00%
2017-11-14,0,0,0,0,0.00%
2017-11-13,0,0,0,0,0.00%
2017-11-10,0,0,0,0,0.00%
2017-11-09,0,0,0,0,0.00%
2017-11-08,0,0,0,0,0.00%
2017-11-07,0,0,0,0,0.00%
2017-11-06,0,0,0,0,0.00%
2017-11-03,0,0,0,0,0.00%
2017-11-02,0,0,0,0,0.00%
2017-11-01,0,0,0,0,0.00%
2017-10-31,0,0,0,0,0.00%
2017-10-30,0,0,0,0,0.00%
2017-10-27,0,0,0,0,0.00%
2017-10-26,0,0,0,0,0.00%
2017-10-25,0,0,0,0,0.00%
2017-10-24,0,0,0,0,0.00%
2017-10-23,0,0,0,0,0.00%
2017-10-20,0,0,0,0,0.00%
2017-10-19,0,0,0,0,0.00%
2017-10-18,0,0,0,0,0.00%
2017-10-17,0,0,0,0,0.00%
2017-10-16,0,0,0,0,0.00%
2017-10-13,0,0,0,0,0.00%
2017-10-12,0,0,0,0,0.00%
2017-10-11,0,0,0,0,0.00%
2017-10-10,0,0,0,0,0.00%
2017-10-09,0,0,0,0,0.00%
2017-10-06,0,0,0,0,0.00%
2017-10-05,0,0,0,0,0.00%
2017-10-04,0,0,0,0,0.00%
2017-10-03,0,0,0,0,0.00%
2017-10-02,0,0,0,0,0.00%
2017-09-29,0,0,0,0,0.00%
2017-09-28,0,0,0,0,0.00%
2017-09-27,0,0,0,0,0.00%
2017-09-26,0,0,0,0,0.00%
2017-09-25,0,0,0,0,0.00%
2017-09-22,0,0,0,0,0.00%
2017-09-21,0,0,0,0,0.00%
2017-09-20,0,0,0,0,0.00%
2017-09-19,0,0,0,0,0.00%
2017-09-18,0,0,0,0,0.00%
2017-09-15,0,0,0,0,0.00%
2017-09-14,0,0,0,0,0.00%
2017-09-13,0,0,0,0,0.00%
2017-09-12,0,0,0,0,0.00%
2017-09-11,0,0,0,0,0.00%
2017-09-08,0,0,0,0,0.00%
2017-09-07,0,0,0,0,0.00%
2017-09-06,0,0,0,0,0.00%
2017-09-05,0,0,0,0,0.00%
2017-09-04,0,0,0,0,0.00%
2017-09-01,0,0,0,0,0.00%
2017-08-31,0,0,0,0,0.00%
2017-08-30,0,0,0,0,0.00%
2017-08-29,0,0,0,0,0.00%
2017-08-28,0,0,0,0,0.00%
2017-08-25,0,0,0,0,0.00%
2017-08-24,0,0,0,0,0.00%
2017-08-23,0,0,0,0,0.00%
2017-08-22,0,0,0,0,0.00%
2017-08-21,0,0,0,0,0.00%
2017-08-18,0,0,0,0,0.00%
2017-08-17,0,0,0,0,0.00%
2017-08-16,0,0,0,0,0.00%
2017-08-15,0,0,0,0,0.00%
2017-08-14,0,0,0,0,0.00%
2017-08-11,0,0,0,0,0.00%
2017-08-10,0,0,0,0,0.00%
2017-08-09,0,0,0,0,0.00%
2017-08-08,0,0,0,0,0.00%
2017-08-07,0,0,0,0,0.00%
2017-08-04,0,0,0,0,0.00%
2017-08-03,0,0,0,0,0.00%
2017-08-02,0,0,0,0,0.00%
2017-08-01,0,0,0,0,0.00%
2017-07-31,0,0,0,0,0.00%
2017-07-28,0,0,0,0,0.00%
2017-07-27,0,0,0,0,0.00%
2017-07-26,0,0,0,0,0.00%
2017-07-25,0,0,0,0,0.00%
2017-07-24,0,0,0,0,0.00%
2017-07-21,0,0,0,0,0.00%
2017-07-20,0,0,0,0,0.00%
2017-07-19,0,0,0,0,0.00%
2017-07-18,0,0,0,0,0.00%
2017-07-17,0,0,0,0,0.00%
2017-07-14,0,0,0,0,0.00%
2017-07-13,0,0,0,0,0.00%
2017-07-12,0,0,0,0,0.00%
2017-07-11,0,0,0,0,0.00%
2017-07-10,0,0,0,0,0.00%
2017-07-07,0,0,0,0,0.00%
2017-07-06,0,0,0,0,0.00%
2017-07-05,0,0,0,0,0.00%
2017-07-04,0,0,0,0,0.00%
2017-07-03,0,0,0,0,0.00%
2017-06-30,0,0,0,0,0.00%
2017-06-29,0,0,0,0,0.00%
2017-06-28,0,0,0,0,0.00%
2017-06-27,0,0,0,0,0.00%
2017-06-26,0,0,0,0,0.00%
2017-06-23,0,0,0,0,0.00%
2017-06-22,0,0,0,0,0.00%
2017-06-21,0,0,0,0,0.00%
2017-06-20,0,0,0,0,0.00%
2017-06-19,0,0,0,0,0.00%
2017-06-16,0,0,0,0,0.00%
2017-06-15,0,0,0,0,0.00%
2017-06-14,0,0,0,0,0.00%
2017-06-13,0,0,0,0,0.00%
2017-06-12,0,0,0,0,0.00%
2017-06-09,0,0,0,0,0.00%
2017-06-08,0,0,0,0,0.00%
2017-06-07,0,0,0,0,0.00%
2017-06-06,0,0,0,0,0.00%
2017-06-05,0,0,0,0,0.00%
2017-06-02,0,0,0,0,0.00%
2017-06-01,0,0,0,0,0.00%
2017-05-31,0,0,0,0,0.00%
2017-05-30,0,0,0,0,0.00%
2017-05-29,0,0,0,0,0.00%
2017-05-26,0,0,0,0,0.00%
2017-05-25,0,0,0,0,0.00%
2017-05-24,0,0,0,0,0.00%
2017-05-23,0,0,0,0,0.00%
2017-05-22,0,0,0,0,0.00%
2017-05-19,0,0,0,0,0.00%
2017-05-18,0,0,0,0,0.00%
2017-05-17,0,0,0,0,0.00%
2017-05-16,0,0,0,0,0.00%
2017-05-15,0,0,0,0,0.00%
2017-05-12,0,0,0,0,0.00%
2017-05-11,0,0,0,0,0.00%
2017-05-10,0,0,0,0,0.00%
2017-05-09,0,0,0,0,0.00%
2017-05-08,0,0,0,0,0.00%
2017-05-05,0,0,0,0,0.00%
2017-05-04,0,0,0,0,0.00%
2017-05-03,0,0,0,0,0.00%
2017-05-02,0,0,0,0,0.00%
2017-05-01,0,0,0,0,0.00%
2017-04-28,0,0,0,0,0.00%
2017-04-27,0,0,0,0,0.00%
2017-04-26,0,0,0,0,0.00%
2017-04-25,0,0,0,0,0.00%
2017-04-24,0,0,0,0,0.00%
2017-04-21,0,0,0,0,0.00%
2017-04-20,0,0,0,0,0.00%
2017-04-19,0,0,0,0,0.00%
2017-04-18,0,0,0,0,0.00%
2017-04-17,0,0,0,0,0.00%
2017-04-14,0,0,0,0,0.00%
2017-04-13,0,0,0,0,0.00%
2017-04-12,0,0,0,0,0.00%
2017-04-11,0,0,0,0,0.00%
2017-04-10,0,0,0,0,0.00%
2017-04-07,0,0,0,0,0.00%
2017-04-06,0,0,0,0,0.00%
2017-04-05,0,0,0,0,0.00%
2017-04-04,0,0,0,0,0.00%
2017-04-03,0,0,0,0,0.00%
2017-03-31,0,0,0,0,0.00%
2017-03-30,0,0,0,0,0.00%
2017-03-29,0,0,0,0,0.00%
2017-03-28,0,0,0,0,0.00%
2017-03-27,0,0,0,0,0.00%
2017-03-24,0,0,0,0,0.00%
2017-03-23,0,0,0,0,0.00%
2017-03-22,0,0,0,0,0.00%
2017-03-21,0,0,0,0,0.00%
2017-03-20,0,0,0,0,0.00%
2017-03-17,0,0,0,0,0.00%
2017-03-16,0,0,0,0,0.00%
2017-03-15,0,0,0,0,0.00%
2017-03-14,0,0,0,0,0.00%
2017-03-13,0,0,0,0,0.00%
2017-03-10,0,0,0,0,0.00%
2017-03-09,0,0,0,0,0.00%
2017-03-08,0,0,0,0,0.00%
2017-03-07,0,0,0,0,0.00%
2017-03-06,0,0,0,0,0.00%
2017-03-03,0,0,0,0,0.00%
2017-03-02,0,0,0,0,0.00%
2017-03-01,0,0,0,0,0.00%
2017-02-28,0,0,0,0,0.00%
2017-02-27,0,0,0,0,0.00%
2017-02-24,0,0,0,0,0.00%
2017-02-23,0,0,0,0,0.00%
2017-02-22,0,0,0,0,0.00%
2017-02-21,0,0,0,0,0.00%
2017-02-20,0,0,0,0,0.00%
2017-02-17,0,0,0,0,0.00%
2017-02-16,0,0,0,0,0.00%
2017-02-15,0,0,0,0,0.00%
2017-02-14,0,0,0,0,0.00%
2017-02-13,0,0,0,0,0.00%
2017-02-10,0,0,0,0,0.00%
2017-02-09,0,0,0,0,0.00%
2017-02-08,0,0,0,0,0.00%
2017-02-07,0,0,0,0,0.00%
2017-02-06,0,0,0,0,0.00%
2017-02-03,0,0,0,0,0.00%
2017-02-02,0,0,0,0,0.00%
2017-02-01,0,0,0,0,0.00%
2017-01-31,0,0,0,0,0.00%
2017-01-30,0,0,0,0,0.00%
2017-01-27,0,0,0,0,0.00%
2017-01-26,0,0,0,0,0.00%
2017-01-25,0,0,0,0,0.00%
2017-01-24,0,0,0,0,0.00%
2017-01-23,0,0,0,0,0.00%
2017-01-20,0,0,0,0,0.00%
2017-01-19,0,0,0,0,0.00%
2017-01-18,0,0,0,0,0.00%
2017-01-17,0,0,0,0,0.00%
2017-01-16,0,0,0,0,0.00%
2017-01-13,0,0,0,0,0.00%
2017-01-12,0,0,0,0,0.00%
2017-01-11,0,0,0,0,0.00%
2017-01-10,0,0,0,0,0.00%
2017-01-09,0,0,0,0,0.00%
2017-01-06,0,0,0,0,0.00%
2017-01-05,0,0,0,0,0.00%
2017-01-04,0,0,0,0,0.00%
2017-01-03,0,0,0,0,0.00%
2017-01-02,0,0,0,0,0.00%
2016-12-30,0,0,0,0,0.00%
2016-12-29,0,0,0,0,0.00%
2016-12-28,0,0,0,0,0.00%
2016-12-27,0,0,0,0,0.00%
2016-12-26,0,0,0,0,0.00%
2016-12-23,0,0,0,0,0.00%
2016-12-22,0,0,0,0,0.00%
2016-12-21,0,0,0,0,0.00%
2016-12-20,0,0,0,0,0.00%
2016-12-19,0,0,0,0,0.00%
2016-12-16,0,0,0,0,0.00%
2016-12-15,0,0,0,0,0.00%
2016-12-14,0,0,0,0,0.00%
2016-12-13,0,0,0,0,0.00%
2016-12-12,0,0,0,0,0.00%
2016-12-09,0,0,0,0,0.00%
2016-12-08,0,0,0,0,0.00%
2016-12-07,0,0,0,0,0.00%
2016-12-06,0,0,0,0,0.00%
2016-12-05,0,0,0,0,0.00%
2016-12-02,0,0,0,0,0.00%
2016-12-01,0,0,0,0,0.00%
2016-11-30,0,0,0,0,0.00%
2016-11-29,0,0,0,0,0.00%
2016-11-28,0,0,0,0,0.00%
2016-11-25,0,0,0,0,0.00%
2016-11-24,0,0,0,0,0.00%
2016-11-23,0,0,0,0,0.00%
2016-11-22,0,0,0,0,0.00%
2016-11-21,0,0,0,0,0.00%
2016-11-18,0,0,0,0,0.00%
2016-11-17,0,0,0,0,0.00%
2016-11-16,0,0,0,0,0.00%
2016-11-15,0,0,0,0,0.00%
2016-11-14,0,0,0,0,0.00%
2016-11-11,0,0,0,0,0.00%
2016-11-10,0,0,0,0,0.00%
2016-11-09,0,0,0,0,0.00%
2016-11-08,0,0,0,0,0.00%
2016-11-07,0,0,0,0,0.00%
2016-11-04,0,0,0,0,0.00%
2016-11-03,0,0,0,0,0.00%
2016-11-02,0,0,0,0,0.00%
2016-11-01,0,0,0,0,0.00%
2016-10-31,0,0,0,0,0.00%
2016-10-28,0,0,0,0,0.00%
2016-10-27,0,0,0,0,0.00%
2016-10-26,0,0,0,0,0.00%
2016-10-25,0,0,0,0,0.00%
2016-10-24,0,0,0,0,0.00%
2016-10-21,0,0,0,0,0.00%
2016-10-20,0,0,0,0,0.00%
2016-10-19,0,0,0,0,0.00%
2016-10-18,0,0,0,0,0.00%
2016-10-17,0,0,0,0,0.00%
2016-10-14,0,0,0,0,0.00%
2016-10-13,0,0,0,0,0.00%
2016-10-12,0,0,0,0,0.00%
2016-10-11,0,0,0,0,0.00%
2016-10-10,0,0,0,0,0.00%
2016-10-07,0,0,0,0,0.00%
2016-10-06,0,0,0,0,0.00%
2016-10-05,0,0,0,0,0.00%
2016-10-04,0,0,0,0,0.00%
2016-10-03,0,0,0,0,0.00%
2016-09-30,0,0,0,0,0.00%
2016-09-29,0,0,0,0,0.00%
2016-09-28,0,0,0,0,0.00%
2016-09-27,0,0,0,0,0.00%
2016-09-26,0,0,0,0,0.00%
2016-09-23,0,0,0,0,0.00%
2016-09-22,0,0,0,0,0.00%
2016-09-21,0,0,0,0,0.00%
2016-09-20,0,0,0,0,0.00%
2016-09-19,0,0,0,0,0.00%
2016-09-16,0,0,0,0,0.00%
2016-09-15,0,0,0,0,0.00%
2016-09-14,0,0,0,0,0.00%
2016-09-13,0,0,0,0,0.00%
2016-09-12,0,0,0,0,0.00%
2016-09-09,0,0,0,0,0.00%
2016-09-08,0,0,0,0,0.00%
2016-09-07,0,0,0,0,0.00%
2016-09-06,0,0,0,0,0.00%
2016-09-05,0,0,0,0,0.00%
2016-09-02,0,0,0,0,0.00%
2016-09-01,0,0,0,0,0.00%
2016-08-31,0,0,0,0,0.00%
2016-08-30,0,0,0,0,0.00%
2016-08-29,0,0,0,0,0.00%
2016-08-26,0,0,0,0,0.00%
2016-08-25,0,0,0,0,0.00%
2016-08-24,0,0,0,0,0.00%
2016-08-23,0,0,0,0,0.00%
2016-08-22,0,0,0,0,0.00%
2016-08-19,0,0,0,0,0.00%
2016-08-18,0,0,0,0,0.00%
2016-08-17,0,0,0,0,0.00%
2016-08-16,0,0,0,0,0.00%
2016-08-15,0,0,0,0,0.00%
2016-08-12,0,0,0,0,0.00%
2016-08-11,0,0,0,0,0.00%
2016-08-10,0,0,0,0,0.00%
2016-08-09,0,0,0,0,0.00%
2016-08-08,0,0,0,0,0.00%
2016-08-05,0,0,0,0,0.00%
2016-08-04,0,0,0,0,0.00%
2016-08-03,0,0,0,0,0.00%
2016-08-02,0,0,0,0,0.00%
2016-08-01,0,0,0,0,0.00%
2016-07-29,0,0,0,0,0.00%
2016-07-28,0,0,0,0,0.00%
2016-07-27,0,0,0,0,0.00%
2016-07-26,0,0,0,0,0.00%
2016-07-25,0,0,0,0,0.00%
2016-07-22,0,0,0,0,0.00%
2016-07-21,0,0,0,0,0.00%
2016-07-20,0,0,0,0,0.00%
2016-07-19,0,0,0,0,0.00%
2016-07-18,0,0,0,0,0.00%
2016-07-15,0,0,0,0,0.00%
2016-07-14,0,0,0,0,0.00%
2016-07-13,0,0,0,0,0.00%
2016-07-12,0,0,0,0,0.00%
2016-07-11,0,0,0,0,0.00%
2016-07-08,0,0,0,0,0.00%
2016-07-07,0,0,0,0,0.00%
2016-07-06,0,0,0,0,0.00%
2016-07-05,0,0,0,0,0.00%
2016-07-04,0,0,0,0,0.00%
2016-07-01,0,0,0,0,0.00%
2016-06-30,0,0,0,0,0.00%
2016-06-29,0,0,0,0,0.00%
2016-06-28,0,0,0,0,0.00%
2016-06-27,0,0,0,0,0.00%
2016-06-24,0,0,0,0,0.00%
2016-06-23,0,0,0,0,0.00%
2016-06-22,0,0,0,0,0.00%
2016-06-21,0,0,0,0,0.00%
2016-06-20,0,0,0,0,0.00%
2016-06-17,0,0,0,0,0.00%
2016-06-16,0,0,0,0,0.00%
2016-06-15,0,0,0,0,0.00%
2016-06-14,0,0,0,0,0.00%
2016-06-13,0,0,0,0,0.00%
2016-06-10,0,0,0,0,0.00%
2016-06-09,0,0,0,0,0.00%
2016-06-08,0,0,0,0,0.00%
2016-06-07,0,0,0,0,0.00%
2016-06-06,0,0,0,0,0.00%
2016-06-03,0,0,0,0,0.00%
2016-06-02,0,0,0,0,0.00%
2016-06-01,0,0,0,0,0.00%
2016-05-31,0,0,0,0,0.00%
2016-05-30,0,0,0,0,0.00%
2016-05-27,0,0,0,0,0.00%
2016-05-26,0,0,0,0,0.00%
2016-05-25,0,0,0,0,0.00%
2016-05-24,0,0,0,0,0.00%
2016-05-23,0,0,0,0,0.00%
2016-05-20,0,0,0,0,0.00%
2016-05-19,0,0,0,0,0.00%
2016-05-18,0,0,0,0,0.00%
2016-05-17,0,0,0,0,0.00%
2016-05-16,0,0,0,0,0.00%
2016-05-13,0,0,0,0,0.00%
2016-05-12,0,0,0,0,0.00%
2016-05-11,0,0,0,0,0.00%
2016-05-10,0,0,0,0,0.00%
2016-05-09,0,0,0,0,0.00%
2016-05-06,0,0,0,0,0.00%
2016-05-05,0,0,0,0,0.00%
2016-05-04,0,0,0,0,0.00%
2016-05-03,0,0,0,0,0.00%
2016-05-02,0,0,0,0,0.00%
2016-04-29,0,0,0,0,0.00%
2016-04-28,0,0,0,0,0.00%
2016-04-27,0,0,0,0,0.00%
2016-04-26,0,0,0,0,0.00%
2016-04-25,0,0,0,0,0.00%
2016-04-22,0,0,0,0,0.00%
2016-04-21,0,0,0,0,0.00%
2016-04-20,0,0,0,0,0.00%
2016-04-19,0,0,0,0,0.00%
2016-04-18,0,0,0,0,0.00%
2016-04-15,0,0,0,0,0.00%
2016-04-14,0,0,0,0,0.00%
2016-04-13,0,0,0,0,0.00%
2016-04-12,0,0,0,0,0.00%
2016-04-11,0,0,0,0,0.00%
2016-04-08,0,0,0,0,0.00%
2016-04-07,0,0,0,0,0.00%
2016-04-06,0,0,0,0,0.00%
2016-04-05,0,0,0,0,0.00%
2016-04-04,0,0,0,0,0.00%
2016-04-01,0,0,0,0,0.00%
2016-03-31,0,0,0,0,0.00%
2016-03-30,0,0,0,0,0.00%
2016-03-29,0,0,0,0,0.00%
2016-03-28,0,0,0,0,0.00%
2016-03-25,0,0,0,0,0.00%
2016-03-24,0,0,0,0,0.00%
2016-03-23,0,0,0,0,0.00%
2016-03-22,0,0,0,0,0.00%
2016-03-21,0,0,0,0,0.00%
2016-03-18,0,0,0,0,0.00%
2016-03-17,0,0,0,0,0.00%
2016-03-16,0,0,0,0,0.00%
2016-03-15,0,0,0,0,0.00%
2016-03-14,0,0,0,0,0.00%
2016-03-11,0,0,0,0,0.00%
2016-03-10,0,0,0,0,0.00%
2016-03-09,0,0,0,0,0.00%
2016-03-08,0,0,0,0,0.00%
2016-03-07,0,0,0,0,0.00%
2016-03-04,0,0,0,0,0.00%
2016-03-03,0,0,0,0,0.00%
2016-03-02,0,0,0,0,0.00%
2016-03-01,0,0,0,0,0.00%
2016-02-29,0,0,0,0,0.00%
2016-02-26,0,0,0,0,0.00%
2016-02-25,0,0,0,0,0.00%
2016-02-24,0,0,0,0,0.00%
2016-02-23,0,0,0,0,0.00%
2016-02-22,0,0,0,0,0.00%
2016-02-19,0,0,0,0,0.00%
2016-02-18,0,0,0,0,0.00%
2016-02-17,0,0,0,0,0.00%
2016-02-16,0,0,0,0,0.00%
2016-02-15,0,0,0,0,0.00%
2016-02-12,0,0,0,0,0.00%
2016-02-11,0,0,0,0,0.00%
2016-02-10,0,0,0,0,0.00%
2016-02-09,0,0,0,0,0.00%
2016-02-08,0,0,0,0,0.00%
2016-02-05,0,0,0,0,0.00%
2016-02-04,0,0,0,0,0.00%
2016-02-03,0,0,0,0,0.00%
2016-02-02,0,0,0,0,0.00%
2016-02-01,0,0,0,0,0.00%
2016-01-29,0,0,0,0,0.00%
2016-01-28,0,0,0,0,0.00%
2016-01-27,0,0,0,0,0.00%
2016-01-26,0,0,0,0,0.00%
2016-01-25,0,0,0,0,0.00%
2016-01-22,0,0,0,0,0.00%
2016-01-21,0,0,0,0,0.00%
2016-01-20,0,0,0,0,0.00%
2016-01-19,0,0,0,0,0.00%
2016-01-18,0,0,0,0,0.00%
2016-01-15,0,0,0,0,0.00%
2016-01-14,0,0,0,0,0.00%
2016-01-13,0,0,0,0,0.00%
2016-01-12,0,0,0,0,0.00%
2016-01-11,0,0,0,0,0.00%
2016-01-08,0,0,0,0,0.00%
2016-01-07,0,0,0,0,0.00%
2016-01-06,0,0,0,0,0.00%
2016-01-05,0,0,0,0,0.00%
2016-01-04,0,0,0,0,0.00%
2016-01-01,0,0,0,0,0.00%
2015-12-31,0,0,0,0,0.00%
2015-12-30,0,0,0,0,0.00%
2015-12-29,0,0,0,0,0.00%
2015-12-28,0,0,0,0,0.00%
2015-12-25,0,0,0,0,0.00%
2015-12-24,0,0,0,0,0.00%
2015-12-23,0,0,0,0,0.00%
2015-12-22,0,0,0,0,0.00%
2015-12-21,0,0,0,0,0.00%
2015-12-18,0,0,0,0,0.00%
2015-12-17,0,0,0,0,0.00%
2015-12-16,0,0,0,0,0.00%
2015-12-15,0,0,0,0,0.00%
2015-12-14,0,0,0,0,0.00%
2015-12-11,0,0,0,0,0.00%
2015-12-10,0,0,0,0,0.00%
2015-12-09,0,0,0,0,0.00%
2015-12-08,0,0,0,0,0.00%
2015-12-07,0,0,0,0,0.00%
2015-12-04,0,0,0,0,0.00%
2015-12-03,0,0,0,0,0.00%
2015-12-02,0,0,0,0,0.00%
2015-12-01,0,0,0,0,0.00%
2015-11-30,0,0,0,0,0.00%
2015-11-27,0,0,0,0,0.00%
2015-11-26,0,0,0,0,0.00%
2015-11-25,0,0,0,0,0.00%
2015-11-24,0,0,0,0,0.00%
2015-11-23,0,0,0,0,0.00%
2015-11-20,0,0,0,0,0.00%
2015-11-19,0,0,0,0,0.00%
2015-11-18,0,0,0,0,0.00%
2015-11-17,0,0,0,0,0.00%
2015-11-16,0,0,0,0,0.00%
2015-11-13,0,0,0,0,0.00%
2015-11-12,0,0,0,0,0.00%
2015-11-11,0,0,0,0,0.00%
2015-11-10,0,0,0,0,0.00%
2015-11-09,0,0,0,0,0.00%
2015-11-06,0,0,0,0,0.00%
2015-11-05,0,0,0,0,0.00%
2015-11-04,0,0,0,0,0.00%
2015-11-03,0,0,0,0,0.00%
2015-11-02,0,0,0,0,0.00%
2015-10-30,0,0,0,0,0.00%
2015-10-29,0,0,0,0,0.00%
2015-10-28,0,0,0,0,0.00%
2015-10-27,0,0,0,0,0.00%
2015-10-26,0,0,0,0,0.00%
2015-10-23,0,0,0,0,0.00%
2015-10-22,0,0,0,0,0.00%
2015-10-21,0,0,0,0,0.00%
2015-10-20,0,0,0,0,0.00%
2015-10-19,0,0,0,0,0.00%
2015-10-16,0,0,0,0,0.00%
2015-10-15,0,0,0,0,0.00%
2015-10-14,0,0,0,0,0.00%
2015-10-13,0,0,0,0,0.00%
2015-10-12,0,0,0,0,0.00%
2015-10-09,0,0,0,0,0.00%
2015-10-08,0,0,0,0,0.00%
2015-10-07,0,0,0,0,0.00%
2015-10-06,0,0,0,0,0.00%
2015-10-05,0,0,0,0,0.00%
2015-10-02,0,0,0,0,0.00%
2015-10-01,0,0,0,0,0.00%
2015-09-30,0,0,0,0,0.00%
2015-09-29,0,0,0,0,0.00%
2015-09-28,0,0,0,0,0.00%
2015-09-25,0,0,0,0,0.00%
2015-09-24,0,0,0,0,0.00%
2015-09-23,0,0,0,0,0.00%
2015-09-22,0,0,0,0,0.00%
2015-09-21,0,0,0,0,0.00%
2015-09-18,0,0,0,0,0.00%
2015-09-17,0,0,0,0,0.00%
2015-09-16,0,0,0,0,0.00%
2015-09-15,0,0,0,0,0.00%
2015-09-14,0,0,0,0,0.00%
2015-09-11,0,0,0,0,0.00%
2015-09-10,0,0,0,0,0.00%
2015-09-09,0,0,0,0,0.00%
2015-09-08,0,0,0,0,0.00%
2015-09-07,0,0,0,0,0.00%
2015-09-04,0,0,0,0,0.00%
2015-09-03,0,0,0,0,0.00%
2015-09-02,0,0,0,0,0.00%
2015-09-01,0,0,0,0,0.00%
2015-08-31,0,0,0,0,0.00%
2015-08-28,0,0,0,0,0.00%
2015-08-27,0,0,0,0,0.00%
2015-08-26,0,0,0,0,0.00%
2015-08-25,0,0,0,0,0.00%
2015-08-24,0,0,0,0,0.00%
2015-08-21,0,0,0,0,0.00%
2015-08-20,0,0,0,0,0.00%
2015-08-19,0,0,0,0,0.00%
2015-08-18,0,0,0,0,0.00%
2015-08-17,0,0,0,0,0.00%
2015-08-14,0,0,0,0,0.00%
2015-08-13,0,0,0,0,0.00%
2015-08-12,0,0,0,0,0.00%
2015-08-11,0,0,0,0,0.00%
2015-08-10,0,0,0,0,0.00%
2015-08-07,0,0,0,0,0.00%
2015-08-06,0,0,0,0,0.00%
2015-08-05,0,0,0,0,0.00%
2015-08-04,0,0,0,0,0.00%
2015-08-03,0,0,0,0,0.00%
2015-07-31,0,0,0,0,0.00%
2015-07-30,0,0,0,0,0.00%
2015-07-29,0,0,0,0,0.00%
2015-07-28,0,0,0,0,0.00%
2015-07-27,0,0,0,0,0.00%
2015-07-24,0,0,0,0,0.00%
2015-07-23,0,0,0,0,0.00%
2015-07-22,0,0,0,0,0.00%
2015-07-21,0,0,0,0,0.00%
2015-07-20,0,0,0,0,0.00%
2015-07-17,0,0,0,0,0.00%
2015-07-16,0,0,0,0,0.00%
2015-07-15,0,0,0,0,0.00%
2015-07-14,0,0,0,0,0.00%
2015-07-13,0,0,0,0,0.00%
2015-07-10,0,0,0,0,0.00%
2015-07-09,0,0,0,0,0.00%
2015-07-08,0,0,0,0,0.00%
2015-07-07,0,0,0,0,0.00%
2015-07-06,0,0,0,0,0.00%
2015-07-03,0,0,0,0,0.00%
2015-07-02,0,0,0,0,0.00%
2015-07-01,0,0,0,0,0.00%
2015-06-30,0,0,0,0,0.00%
2015-06-29,0,0,0,0,0.00%
2015-06-26,0,0,0,0,0.00%
2015-06-25,0,0,0,0,0.00%
2015-06-24,0,0,0,0,0.00%
2015-06-23,0,0,0,0,0.00%
2015-06-22,0,0,0,0,0.00%
2015-06-19,0,0,0,0,0.00%
2015-06-18,0,0,0,0,0.00%
2015-06-17,0,0,0,0,0.00%
2015-06-16,0,0,0,0,0.00%
2015-06-15,0,0,0,0,0.00%
2015-06-12,0,0,0,0,0.00%
2015-06-11,0,0,0,0,0.00%
2015-06-10,0,0,0,0,0.00%
2015-06-09,0,0,0,0,0.00%
2015-06-08,0,0,0,0,0.00%
2015-06-05,0,0,0,0,0.00%
2015-06-04,0,0,0,0,0.00%
2015-06-03,0,0,0,0,0.00%
2015-06-02,0,0,0,0,0.00%
2015-06-01,0,0,0,0,0.00%
2015-05-29,0,0,0,0,0.00%
2015-05-28,0,0,0,0,0.00%
2015-05-27,0,0,0,0,0.00%
2015-05-26,0,0,0,0,0.00%
2015-05-25,0,0,0,0,0.00%
2015-05-22,0,0,0,0,0.00%
2015-05-21,0,0,0,0,0.00%
2015-05-20,0,0,0,0,0.00%
2015-05-19,0,0,0,0,0.00%
2015-05-18,0,0,0,0,0.00%
2015-05-15,0,0,0,0,0.00%
2015-05-14,0,0,0,0,0.00%
2015-05-13,0,0,0,0,0.00%
2015-05-12,0,0,0,0,0.00%
2015-05-11,0,0,0,0,0.00%
2015-05-08,0,0,0,0,0.00%
2015-05-07,0,0,0,0,0.00%
2015-05-06,0,0,0,0,0.00%
2015-05-05,0,0,0,0,0.00%
2015-05-04,0,0,0,0,0.00%
2015-05-01,0,0,0,0,0.00%
2015-04-30,0,0,0,0,0.00%
2015-04-29,0,0,0,0,0.00%
2015-04-28,0,0,0,0,0.00%
2015-04-27,0,0,0,0,0.00%
2015-04-24,0,0,0,0,0.00%
2015-04-23,0,0,0,0,0.00%
2015-04-22,0,0,0,0,0.00%
2015-04-21,0,0,0,0,0.00%
2015-04-20,0,0,0,0,0.00%
2015-04-17,0,0,0,0,0.00%
2015-04-16,0,0,0,0,0.00%
2015-04-15,0,0,0,0,0.00%
2015-04-14,0,0,0,0,0.00%
2015-04-13,0,0,0,0,0.00%
2015-04-10,0,0,0,0,0.00%
2015-04-09,0,0,0,0,0.00%
2015-04-08,0,0,0,0,0.00%
2015-04-07,0,0,0,0,0.00%
2015-04-06,0,0,0,0,0.00%
2015-04-03,0,0,0,0,0.00%
2015-04-02,0,0,0,0,0.00%
2015-04-01,0,0,0,0,0.00%
2015-03-31,0,0,0,0,0.00%
2015-03-30,0,0,0,0,0.00%
2015-03-27,0,0,0,0,0.00%
2015-03-26,0,0,0,0,0.00%
2015-03-25,0,0,0,0,0.00%
2015-03-24,0,0,0,0,0.00%
2015-03-23,0,0,0,0,0.00%
2015-03-20,0,0,0,0,0.00%
2015-03-19,0,0,0,0,0.00%
2015-03-18,0,0,0,0,0.00%
2015-03-17,0,0,0,0,0.00%
2015-03-16,0,0,0,0,0.00%
2015-03-13,0,0,0,0,0.00%
2015-03-12,0,0,0,0,0.00%
2015-03-11,0,0,0,0,0.00%
2015-03-10,0,0,0,0,0.00%
2015-03-09,0,0,0,0,0.00%
2015-03-06,0,0,0,0,0.00%
2015-03-05,0,0,0,0,0.00%
2015-03-04,0,0,0,0,0.00%
2015-03-03,0,0,0,0,0.00%
2015-03-02,0,0,0,0,0.00%
2015-02-27,0,0,0,0,0.00%
2015-02-26,0,0,0,0,0.00%
2015-02-25,0,0,0,0,0.00%
2015-02-24,0,0,0,0,0.00%
2015-02-23,0,0,0,0,0.00%
2015-02-20,0,0,0,0,0.00%
2015-02-19,0,0,0,0,0.00%
2015-02-18,0,0,0,0,0.00%
2015-02-17,0,0,0,0,0.00%
2015-02-16,0,0,0,0,0.00%
2015-02-13,0,0,0,0,0.00%
2015-02-12,0,0,0,0,0.00%
2015-02-11,0,0,0,0,0.00%
2015-02-10,0,0,0,0,0.00%
2015-02-09,0,0,0,0,0.00%
2015-02-06,0,0,0,0,0.00%
2015-02-05,0,0,0,0,0.00%
2015-02-04,0,0,0,0,0.00%
2015-02-03,0,0,0,0,0.00%
2015-02-02,0,0,0,0,0.00%
2015-01-30,0,0,0,0,0.00%
2015-01-29,0,0,0,0,0.00%
2015-01-28,0,0,0,0,0.00%
2015-01-27,0,0,0,0,0.00%
2015-01-26,0,0,0,0,0.00%
2015-01-23,0,0,0,0,0.00%
2015-01-22,0,0,0,0,0.00%
2015-01-21,0,0,0,0,0.00%
2015-01-20,0,0,0,0,0.00%
2015-01-19,0,0,0,0,0.00%
2015-01-16,0,0,0,0,0.00%
2015-01-15,0,0,0,0,0.00%
2015-01-14,0,0,0,0,0.00%
2015-01-13,0,0,0,0,0.00%
2015-01-12,0,0,0,0,0.00%
2015-01-09,0,0,0,0,0.00%
2015-01-08,0,0,0,0,0.00%
2015-01-07,0,0,0,0,0.00%
2015-01-06,0,0,0,0,0.00%
2015-01-05,0,0,0,0,0.00%
2015-01-02,0,0,0,0,0.00%
2015-01-01,0,0,0,0,0.00%
2014-12-31,0,0,0,0,0.00%
2014-12-30,0,0,0,0,0.00%
2014-12-29,0,0,0,0,0.00%
2014-12-26,0,0,0,0,0.00%
2014-12-25,0,0,0,0,0.00%
2014-12-24,0,0,0,0,0.00%
2014-12-23,0,0,0,0,0.00%
2014-12-22,0,0,0,0,0.00%
2014-12-19,0,0,0,0,0.00%
2014-12-18,0,0,0,0,0.00%
2014-12-17,0,0,0,0,0.00%
2014-12-16,0,0,0,0,0.00%
2014-12-15,0,0,0,0,0.00%
2014-12-12,0,0,0,0,0.00%
2014-12-11,0,0,0,0,0.00%
2014-12-10,0,0,0,0,0.00%
2014-12-09,0,0,0,0,0.00%
2014-12-08,0,0,0,0,0.00%
2014-12-05,0,0,0,0,0.00%
2014-12-04,0,0,0,0,0.00%
2014-12-03,0,0,0,0,0.00%
2014-12-02,0,0,0,0,0.00%
2014-12-01,0,0,0,0,0.00%
2014-11-28,0,0,0,0,0.00%
2014-11-27,0,0,0,0,0.00%
2014-11-26,0,0,0,0,0.00%
2014-11-25,0,0,0,0,0.00%
2014-11-24,0,0,0,0,0.00%
2014-11-21,0,0,0,0,0.00%
2014-11-20,0,0,0,0,0.00%
2014-11-19,0,0,0,0,0.00%
2014-11-18,0,0,0,0,0.00%
2014-11-17,0,0,0,0,0.00%
2014-11-14,0,0,0,0,0.00%
2014-11-13,0,0,0,0,0.00%
2014-11-12,0,0,0,0,0.00%
2014-11-11,0,0,0,0,0.00%
2014-11-10,0,0,0,0,0.00%
2014-11-07,0,0,0,0,0.00%
2014-11-06,0,0,0,0,0.00%
2014-11-05,0,0,0,0,0.00%
2014-11-04,0,0,0,0,0.00%
2014-11-03,0,0,0,0,0.00%
2014-10-31,0,0,0,0,0.00%
2014-10-30,0,0,0,0,0.00%
2014-10-29,0,0,0,0,0.00%
2014-10-28,0,0,0,0,0.00%
2014-10-27,0,0,0,0,0.00%
2014-10-24,0,0,0,0,0.00%
2014-10-23,0,0,0,0,0.00%
2014-10-22,0,0,0,0,0.00%
2014-10-21,0,0,0,0,0.00%
2014-10-20,0,0,0,0,0.00%
2014-10-17,0,0,0,0,0.00%
2014-10-16,0,0,0,0,0.00%
2014-10-15,0,0,0,0,0.00%
2014-10-14,0,0,0,0,0.00%
2014-10-13,0,0,0,0,0.00%
2014-10-10,0,0,0,0,0.00%
2014-10-09,0,0,0,0,0.00%
2014-10-08,0,0,0,0,0.00%
2014-10-07,0,0,0,0,0.00%
2014-10-06,0,0,0,0,0.00%
2014-10-03,0,0,0,0,0.00%
2014-10-02,0,0,0,0,0.00%
2014-10-01,0,0,0,0,0.00%
2014-09-30,0,0,0,0,0.00%
2014-09-29,0,0,0,0,0.00%
2014-09-26,0,0,0,0,0.00%
2014-09-25,0,0,0,0,0.00%
2014-09-24,0,0,0,0,0.00%
2014-09-23,0,0,0,0,0.00%
2014-09-22,0,0,0,0,0.00%
2014-09-19,0,0,0,0,0.00%
2014-09-18,0,0,0,0,0.00%
2014-09-17,0,0,0,0,0.00%
2014-09-16,0,0,0,0,0.00%
2014-09-15,0,0,0,0,0.00%
2014-09-12,0,0,0,0,0.00%
2014-09-11,0,0,0,0,0.00%
2014-09-10,0,0,0,0,0.00%
2014-09-09,0,0,0,0,0.00%
2014-09-08,0,0,0,0,0.00%
2014-09-05,0,0,0,0,0.00%
2014-09-04,0,0,0,0,0.00%
2014-09-03,0,0,0,0,0.00%
2014-09-02,0,0,0,0,0.00%
2014-09-01,0,0,0,0,0.00%
2014-08-29,0,0,0,0,0.00%
2014-08-28,0,0,0,0,0.00%
2014-08-27,0,0,0,0,0.00%
2014-08-26,0,0,0,0,0.00%
2014-08-25,0,0,0,0,0.00%
2014-08-22,0,0,0,0,0.00%
2014-08-21,0,0,0,0,0.00%
2014-08-20,0,0,0,0,0.00%
2014-08-19,0,0,0,0,0.00%
2014-08-18,0,0,0,0,0.00%
2014-08-15,0,0,0,0,0.00%
2014-08-14,0,0,0,0,0.00%
2014-08-13,0,0,0,0,0.00%
2014-08-12,0,0,0,0,0.00%
2014-08-11,0,0,0,0,0.00%
2014-08-08,0,0,0,0,0.00%
2014-08-07,0,0,0,0,0.00%
2014-08-06,0,0,0,0,0.00%
2014-08-05,0,0,0,0,0.00%
2014-08-04,0,0,0,0,0.00%
2014-08-01,0,0,0,0,0.00%
2014-07-31,0,0,0,0,0.00%
2014-07-30,0,0,0,0,0.00%
2014-07-29,0,0,0,0,0.00%
2014-07-28,0,0,0,0,0.00%
2014-07-25,0,0,0,0,0.00%
2014-07-24,0,0,0,0,0.00%
2014-07-23,0,0,0,0,0.00%
2014-07-22,0,0,0,0,0.00%
2014-07-21,0,0,0,0,0.00%
2014-07-18,0,0,0,0,0.00%
2014-07-17,0,0,0,0,0.00%
2014-07-16,0,0,0,0,0.00%
2014-07-15,0,0,0,0,0.00%
2014-07-14,0,0,0,0,0.00%
2014-07-11,0,0,0,0,0.00%
2014-07-10,0,0,0,0,0.00%
2014-07-09,0,0,0,0,0.00%
2014-07-08,0,0,0,0,0.00%
2014-07-07,0,0,0,0,0.00%
2014-07-04,0,0,0,0,0.00%
2014-07-03,0,0,0,0,0.00%
2014-07-02,0,0,0,0,0.00%
2014-07-01,0,0,0,0,0.00%
2014-06-30,0,0,0,0,0.00%
2014-06-27,0,0,0,0,0.00%
2014-06-26,0,0,0,0,0.00%
2014-06-25,0,0,0,0,0.00%
2014-06-24,0,0,0,0,0.00%
2014-06-23,0,0,0,0,0.00%
2014-06-20,0,0,0,0,0.00%
2014-06-19,0,0,0,0,0.00%
2014-06-18,0,0,0,0,0.00%
2014-06-17,0,0,0,0,0.00%
2014-06-16,0,0,0,0,0.00%
2014-06-13,0,0,0,0,0.00%
2014-06-12,0,0,0,0,0.00%
2014-06-11,0,0,0,0,0.00%
2014-06-10,0,0,0,0,0.00%
2014-06-09,0,0,0,0,0.00%
2014-06-06,0,0,0,0,0.00%
2014-06-05,0,0,0,0,0.00%
2014-06-04,0,0,0,0,0.00%
2014-06-03,0,0,0,0,0.00%
2014-06-02,0,0,0,0,0.00%
2014-05-30,0,0,0,0,0.00%
2014-05-29,0,0,0,0,0.00%
2014-05-28,0,0,0,0,0.00%
2014-05-27,0,0,0,0,0.00%
2014-05-26,0,0,0,0,0.00%
2014-05-23,0,0,0,0,0.00%
2014-05-22,0,0,0,0,0.00%
2014-05-21,0,0,0,0,0.00%
2014-05-20,0,0,0,0,0.00%
2014-05-19,0,0,0,0,0.00%
2014-05-16,0,0,0,0,0.00%
2014-05-15,0,0,0,0,0.00%
2014-05-14,0,0,0,0,0.00%
2014-05-13,0,0,0,0,0.00%
2014-05-12,0,0,0,0,0.00%
2014-05-09,0,0,0,0,0.00%
2014-05-08,0,0,0,0,0.00%
2014-05-07,0,0,0,0,0.00%
2014-05-06,0,0,0,0,0.00%
2014-05-05,0,0,0,0,0.00%
2014-05-02,0,0,0,0,0.00%
2014-05-01,0,0,0,0,0.00%
2014-04-30,0,0,0,0,0.00%
2014-04-29,0,0,0,0,0.00%
2014-04-28,0,0,0,0,0.00%
2014-04-25,0,0,0,0,0.00%
2014-04-24,0,0,0,0,0.00%
2014-04-23,0,0,0,0,0.00%
2014-04-22,0,0,0,0,0.00%
2014-04-21,0,0,0,0,0.00%
2014-04-18,0,0,0,0,0.00%
2014-04-17,0,0,0,0,0.00%
2014-04-16,0,0,0,0,0.00%
2014-04-15,0,0,0,0,0.00%
2014-04-14,0,0,0,0,0.00%
2014-04-11,0,0,0,0,0.00%
2014-04-10,0,0,0,0,0.00%
2014-04-09,0,0,0,0,0.00%
2014-04-08,0,0,0,0,0.00%
2014-04-07,0,0,0,0,0.00%
2014-04-04,0,0,0,0,0.00%
2014-04-03,0,0,0,0,0.00%
2014-04-02,0,0,0,0,0.00%
2014-04-01,0,0,0,0,0.00%
2014-03-31,0,0,0,0,0.00%
2014-03-28,0,0,0,0,0.00%
2014-03-27,0,0,0,0,0.00%
2014-03-26,0,0,0,0,0.00%
2014-03-25,0,0,0,0,0.00%
2014-03-24,0,0,0,0,0.00%
2014-03-21,0,0,0,0,0.00%
2014-03-20,0,0,0,0,0.00%
2014-03-19,0,0,0,0,0.00%
2014-03-18,0,0,0,0,0.00%
2014-03-17,0,0,0,0,0.00%
2014-03-14,0,0,0,0,0.00%
2014-03-13,0,0,0,0,0.00%
2014-03-12,0,0,0,0,0.00%
2014-03-11,0,0,0,0,0.00%
2014-03-10,0,0,0,0,0.00%
2014-03-07,0,0,0,0,0.00%
2014-03-06,0,0,0,0,0.00%
2014-03-05,0,0,0,0,0.00%
2014-03-04,0,0,0,0,0.00%
2014-03-03,0,0,0,0,0.00%
2014-02-28,0,0,0,0,0.00%
2014-02-27,0,0,0,0,0.00%
2014-02-26,0,0,0,0,0.00%
2014-02-25,0,0,0,0,0.00%
2014-02-24,0,0,0,0,0.00%
2014-02-21,0,0,0,0,0.00%
2014-02-20,0,0,0,0,0.00%
2014-02-19,0,0,0,0,0.00%
2014-02-18,0,0,0,0,0.00%
2014-02-17,0,0,0,0,0.00%
2014-02-14,0,0,0,0,0.00%
2014-02-13,0,0,0,0,0.00%
2014-02-12,0,0,0,0,0.00%
2014-02-11,0,0,0,0,0.00%
2014-02-10,0,0,0,0,0.00%
2014-02-07,0,0,0,0,0.00%
2014-02-06,0,0,0,0,0.00%
2014-02-05,0,0,0,0,0.00%
2014-02-04,0,0,0,0,0.00%
2014-02-03,0,0,0,0,0.00%
2014-01-31,0,0,0,0,0.00%
2014-01-30,0,0,0,0,0.00%
2014-01-29,0,0,0,0,0.00%
2014-01-28,0,0,0,0,0.00%
2014-01-27,0,0,0,0,0.00%
2014-01-24,0,0,0,0,0.00%
2014-01-23,0,0,0,0,0.00%
2014-01-22,0,0,0,0,0.00%
2014-01-21,0,0,0,0,0.00%
2014-01-20,0,0,0,0,0.00%
2014-01-17,0,0,0,0,0.00%
2014-01-16,0,0,0,0,0.00%
2014-01-15,0,0,0,0,0.00%
2014-01-14,0,0,0,0,0.00%
2014-01-13,0,0,0,0,0.00%
2014-01-10,0,0,0,0,0.00%
2014-01-09,0,0,0,0,0.00%
2014-01-08,0,0,0,0,0.00%
2014-01-07,0,0,0,0,0.00%
2014-01-06,0,0,0,0,0.00%
2014-01-03,0,0,0,0,0.00%
2014-01-02,0,0,0,0,0.00%
2014-01-01,0,0,0,0,0.00%
2013-12-31,0,0,0,0,0.00%
2013-12-30,0,0,0,0,0.00%
2013-12-27,0,0,0,0,0.00%
2013-12-26,0,0,0,0,0.00%
2013-12-25,0,0,0,0,0.00%
2013-12-24,0,0,0,0,0.00%
2013-12-23,0,0,0,0,0.00%
2013-12-20,0,0,0,0,0.00%
2013-12-19,0,0,0,0,0.00%
2013-12-18,0,0,0,0,0.00%
2013-12-17,0,0,0,0,0.00%
2013-12-16,0,0,0,0,0.00%
2013-12-13,0,0,0,0,0.00%
2013-12-12,0,0,0,0,0.00%
2013-12-11,0,0,0,0,0.00%
2013-12-10,0,0,0,0,0.00%
2013-12-09,0,0,0,0,0.00%
2013-12-06,0,0,0,0,0.00%
2013-12-05,0,0,0,0,0.00%
2013-12-04,0,0,0,0,0.00%
2013-12-03,0,0,0,0,0.00%
2013-12-02,0,0,0,0,0.00%
2013-11-29,0,0,0,0,0.00%
2013-11-28,0,0,0,0,0.00%
2013-11-27,0,0,0,0,0.00%
2013-11-26,0,0,0,0,0.00%
2013-11-25,0,0,0,0,0.00%
2013-11-22,0,0,0,0,0.00%
2013-11-21,0,0,0,0,0.00%
2013-11-20,0,0,0,0,0.00%
2013-11-19,0,0,0,0,0.00%
2013-11-18,0,0,0,0,0.00%
2013-11-15,0,0,0,0,0.00%
2013-11-14,0,0,0,0,0.00%
2013-11-13,0,0,0,0,0.00%
2013-11-12,0,0,0,0,0.00%
2013-11-11,0,0,0,0,0.00%
2013-11-08,0,0,0,0,0.00%
2013-11-07,0,0,0,0,0.00%
2013-11-06,0,0,0,0,0.00%
2013-11-05,0,0,0,0,0.00%
2013-11-04,0,0,0,0,0.00%
2013-11-01,0,0,0,0,0.00%
2013-10-31,0,0,0,0,0.00%
2013-10-30,0,0,0,0,0.00%
2013-10-29,0,0,0,0,0.00%
2013-10-28,0,0,0,0,0.00%
2013-10-25,0,0,0,0,0.00%
2013-10-24,0,0,0,0,0.00%
2013-10-23,0,0,0,0,0.00%
2013-10-22,0,0,0,0,0.00%
2013-10-21,0,0,0,0,0.00%
2013-10-18,0,0,0,0,0.00%
2013-10-17,0,0,0,0,0.00%
2013-10-16,0,0,0,0,0.00%
2013-10-15,0,0,0,0,0.00%
2013-10-14,0,0,0,0,0.00%
2013-10-11,0,0,0,0,0.00%
2013-10-10,0,0,0,0,0.00%
2013-10-09,0,0,0,0,0.00%
2013-10-08,0,0,0,0,0.00%
2013-10-07,0,0,0,0,0.00%
2013-10-04,0,0,0,0,0.00%
2013-10-03,0,0,0,0,0.00%
2013-10-02,0,0,0,0,0.00%
2013-10-01,0,0,0,0,0.00%
2013-09-30,0,0,0,0,0.00%
2013-09-27,0,0,0,0,0.00%
2013-09-26,0,0,0,0,0.00%
2013-09-25,0,0,0,0,0.00%
2013-09-24,0,0,0,0,0.00%
2013-09-23,0,0,0,0,0.00%
2013-09-20,0,0,0,0,0.00%
2013-09-19,0,0,0,0,0.00%
2013-09-18,0,0,0,0,0.00%
2013-09-17,0,0,0,0,0.00%
2013-09-16,0,0,0,0,0.00%
2013-09-13,0,0,0,0,0.00%
2013-09-12,0,0,0,0,0.00%
2013-09-11,0,0,0,0,0.00%
2013-09-10,0,0,0,0,0.00%
2013-09-09,0,0,0,0,0.00%
2013-09-06,0,0,0,0,0.00%
2013-09-05,0,0,0,0,0.00%
2013-09-04,0,0,0,0,0.00%
2013-09-03,0,0,0,0,0.00%
2013-09-02,0,0,0,0,0.00%
2013-08-30,0,0,0,0,0.00%
2013-08-29,0,0,0,0,0.00%
2013-08-28,0,0,0,0,0.00%
2013-08-27,0,0,0,0,0.00%
2013-08-26,0,0,0,0,0.00%
2013-08-23,0,0,0,0,0.00%
2013-08-22,0,0,0,0,0.00%
2013-08-21,0,0,0,0,0.00%
2013-08-20,0,0,0,0,0.00%
2013-08-19,0,0,0,0,0.00%
2013-08-16,0,0,0,0,0.00%
2013-08-15,0,0,0,0,0.00%
2013-08-14,0,0,0,0,0.00%
2013-08-13,0,0,0,0,0.00%
2013-08-12,0,0,0,0,0.00%
2013-08-09,0,0,0,0,0.00%
2013-08-08,0,0,0,0,0.00%
2013-08-07,0,0,0,0,0.00%
2013-08-06,0,0,0,0,0.00%
2013-08-05,0,0,0,0,0.00%
2013-08-02,0,0,0,0,0.00%
2013-08-01,0,0,0,0,0.00%
2013-07-31,0,0,0,0,0.00%
2013-07-30,0,0,0,0,0.00%
2013-07-29,0,0,0,0,0.00%
2013-07-26,0,0,0,0,0.00%
2013-07-25,0,0,0,0,0.00%
2013-07-24,0,0,0,0,0.00%
2013-07-23,0,0,0,0,0.00%
2013-07-22,0,0,0,0,0.00%
2013-07-19,0,0,0,0,0.00%
2013-07-18,0,0,0,0,0.00%
2013-07-17,0,0,0,0,0.00%
2013-07-16,0,0,0,0,0.00%
2013-07-15,0,0,0,0,0.00%
2013-07-12,0,0,0,0,0.00%
2013-07-11,0,0,0,0,0.00%
2013-07-10,0,0,0,0,0.00%
2013-07-09,0,0,0,0,0.00%
2013-07-08,0,0,0,0,0.00%
2013-07-05,0,0,0,0,0.00%
2013-07-04,0,0,0,0,0.00%
2013-07-03,0,0,0,0,0.00%
2013-07-02,0,0,0,0,0.00%
2013-07-01,0,0,0,0,0.00%
2013-06-28,0,0,0,0,0.00%
2013-06-27,0,0,0,0,0.00%
2013-06-26,0,0,0,0,0.00%
2013-06-25,0,0,0,0,0.00%
2013-06-24,0,0,0,0,0.00%
2013-06-21,0,0,0,0,0.00%
2013-06-20,0,0,0,0,0.00%
2013-06-19,0,0,0,0,0.00%
2013-06-18,0,0,0,0,0.00%
2013-06-17,0,0,0,0,0.00%
2013-06-14,0,0,0,0,0.00%
2013-06-13,0,0,0,0,0.00%
2013-06-12,0,0,0,0,0.00%
2013-06-11,0,0,0,0,0.00%
2013-06-10,0,0,0,0,0.00%
2013-06-07,0,0,0,0,0.00%
2013-06-06,0,0,0,0,0.00%
2013-06-05,0,0,0,0,0.00%
2013-06-04,0,0,0,0,0.00%
2013-06-03,0,0,0,0,0.00%
2013-05-31,0,0,0,0,0.00%
2013-05-30,0,0,0,0,0.00%
2013-05-29,0,0,0,0,0.00%
2013-05-28,0,0,0,0,0.00%
2013-05-27,0,0,0,0,0.00%
2013-05-24,0,0,0,0,0.00%
2013-05-23,0,0,0,0,0.00%
2013-05-22,0,0,0,0,0.00%
2013-05-21,0,0,0,0,0.00%
2013-05-20,0,0,0,0,0.00%
2013-05-17,0,0,0,0,0.00%
2013-05-16,0,0,0,0,0.00%
2013-05-15,0,0,0,0,0.00%
2013-05-14,0,0,0,0,0.00%
2013-05-13,0,0,0,0,0.00%
2013-05-10,0,0,0,0,0.00%
2013-05-09,0,0,0,0,0.00%
2013-05-08,0,0,0,0,0.00%
2013-05-07,0,0,0,0,0.00%
2013-05-06,0,0,0,0,0.00%
2013-05-03,0,0,0,0,0.00%
2013-05-02,0,0,0,0,0.00%
2013-05-01,0,0,0,0,0.00%
2013-04-30,0,0,0,0,0.00%
2013-04-29,0,0,0,0,0.00%
2013-04-26,0,0,0,0,0.00%
2013-04-25,0,0,0,0,0.00%
2013-04-24,0,0,0,0,0.00%
2013-04-23,0,0,0,0,0.00%
2013-04-22,0,0,0,0,0.00%
2013-04-19,0,0,0,0,0.00%
2013-04-18,0,0,0,0,0.00%
2013-04-17,0,0,0,0,0.00%
2013-04-16,0,0,0,0,0.00%
2013-04-15,0,0,0,0,0.00%
2013-04-12,0,0,0,0,0.00%
2013-04-11,0,0,0,0,0.00%
2013-04-10,0,0,0,0,0.00%
2013-04-09,0,0,0,0,0.00%
2013-04-08,0,0,0,0,0.00%
2013-04-05,0,0,0,0,0.00%
2013-04-04,0,0,0,0,0.00%
2013-04-03,0,0,0,0,0.00%
2013-04-02,0,0,0,0,0.00%
2013-04-01,0,0,0,0,0.00%
2013-03-29,0,0,0,0,0.00%
2013-03-28,0,0,0,0,0.00%
2013-03-27,0,0,0,0,0.00%
2013-03-26,0,0,0,0,0.00%
2013-03-25,0,0,0,0,0.00%
2013-03-22,0,0,0,0,0.00%
2013-03-21,0,0,0,0,0.00%
2013-03-20,0,0,0,0,0.00%
2013-03-19,0,0,0,0,0.00%
2013-03-18,0,0,0,0,0.00%
2013-03-15,0,0,0,0,0.00%
2013-03-14,0,0,0,0,0.00%
2013-03-13,0,0,0,0,0.00%
2013-03-12,0,0,0,0,0.00%
2013-03-11,0,0,0,0,0.00%
2013-03-08,0,0,0,0,0.00%
2013-03-07,0,0,0,0,0.00%
2013-03-06,0,0,0,0,0.00%
2013-03-05,0,0,0,0,0.00%
2013-03-04,0,0,0,0,0.00%
2013-03-01,0,0,0,0,0.00%
2013-02-28,0,0,0,0,0.00%
2013-02-27,0,0,0,0,0.00%
2013-02-26,0,0,0,0,0.00%
2013-02-25,0,0,0,0,0.00%
2013-02-22,0,0,0,0,0.00%
2013-02-21,0,0,0,0,0.00%
2013-02-20,0,0,0,0,0.00%
2013-02-19,0,0,0,0,0.00%
2013-02-18,0,0,0,0,0.00%
2013-02-15,0,0,0,0,0.00%
2013-02-14,0,0,0,0,0.00%
2013-02-13,0,0,0,0,0.00%
2013-02-12,0,0,0,0,0.00%
2013-02-11,0,0,0,0,0.00%
2013-02-08,0,0,0,0,0.00%
2013-02-07,0,0,0,0,0.00%
2013-02-06,0,0,0,0,0.00%
2013-02-05,0,0,0,0,0.00%
2013-02-04,0,0,0,0,0.00%
2013-02-01,0,0,0,0,0.00%
2013-01-31,0,0,0,0,0.00%
2013-01-30,0,0,0,0,0.00%
2013-01-29,0,0,0,0,0.00%
2013-01-28,0,0,0,0,0.00%
2013-01-25,0,0,0,0,0.00%
2013-01-24,0,0,0,0,0.00%
2013-01-23,0,0,0,0,0.00%
2013-01-22,0,0,0,0,0.00%
2013-01-21,0,0,0,0,0.00%
2013-01-18,0,0,0,0,0.00%
2013-01-17,0,0,0,0,0.00%
2013-01-16,0,0,0,0,0.00%
2013-01-15,0,0,0,0,0.00%
2013-01-14,0,0,0,0,0.00%
2013-01-11,0,0,0,0,0.00%
2013-01-10,0,0,0,0,0.00%
2013-01-09,0,0,0,0,0.00%
2013-01-08,0,0,0,0,0.00%
2013-01-07,0,0,0,0,0.00%
2013-01-04,0,0,0,0,0.00%
2013-01-03,0,0,0,0,0.00%
2013-01-02,0,0,0,0,0.00%
2013-01-01,0,0,0,0,0.00%
2012-12-31,0,0,0,0,0.00%
2012-12-28,0,0,0,0,0.00%
2012-12-27,0,0,0,0,0.00%
2012-12-26,0,0,0,0,0.00%
2012-12-25,0,0,0,0,0.00%
2012-12-24,0,0,0,0,0.00%
2012-12-21,0,0,0,0,0.00%
2012-12-20,0,0,0,0,0.00%
2012-12-19,0,0,0,0,0.00%
2012-12-18,0,0,0,0,0.00%
2012-12-17,0,0,0,0,0.00%
2012-12-14,0,0,0,0,0.00%
2012-12-13,0,0,0,0,0.00%
2012-12-12,0,0,0,0,0.00%
2012-12-11,0,0,0,0,0.00%
2012-12-10,0,0,0,0,0.00%
2012-12-07,0,0,0,0,0.00%
2012-12-06,0,0,0,0,0.00%
2012-12-05,0,0,0,0,0.00%
2012-12-04,0,0,0,0,0.00%
2012-12-03,0,0,0,0,0.00%
2012-11-30,0,0,0,0,0.00%
2012-11-29,0,0,0,0,0.00%
2012-11-28,0,0,0,0,0.00%
2012-11-27,0,0,0,0,0.00%
2012-11-26,0,0,0,0,0.00%
2012-11-23,0,0,0,0,0.00%
2012-11-22,0,0,0,0,0.00%
2012-11-21,0,0,0,0,0.00%
2012-11-20,0,0,0,0,0.00%
2012-11-19,0,0,0,0,0.00%
2012-11-16,0,0,0,0,0.00%
2012-11-15,0,0,0,0,0.00%
2012-11-14,0,0,0,0,0.00%
2012-11-13,0,0,0,0,0.00%
2012-11-12,0,0,0,0,0.00%
2012-11-09,0,0,0,0,0.00%
2012-11-08,0,0,0,0,0.00%
2012-11-07,0,0,0,0,0.00%
2012-11-06,0,0,0,0,0.00%
2012-11-05,0,0,0,0,0.00%
2012-11-02,0,0,0,0,0.00%
2012-11-01,0,0,0,0,0.00%
2012-10-31,0,0,0,0,0.00%
2012-10-30,0,0,0,0,0.00%
2012-10-29,0,0,0,0,0.00%
2012-10-26,0,0,0,0,0.00%
2012-10-25,0,0,0,0,0.00%
2012-10-24,0,0,0,0,0.00%
2012-10-23,0,0,0,0,0.00%
2012-10-22,0,0,0,0,0.00%
2012-10-19,0,0,0,0,0.00%
2012-10-18,0,0,0,0,0.00%
2012-10-17,0,0,0,0,0.00%
2012-10-16,0,0,0,0,0.00%
2012-10-15,0,0,0,0,0.00%
2012-10-12,0,0,0,0,0.00%
2012-10-11,0,0,0,0,0.00%
2012-10-10,0,0,0,0,0.00%
2012-10-09,0,0,0,0,0.00%
2012-10-08,0,0,0,0,0.00%
2012-10-05,0,0,0,0,0.00%
2012-10-04,0,0,0,0,0.00%
2012-10-03,0,0,0,0,0.00%
2012-10-02,0,0,0,0,0.00%
2012-10-01,0,0,0,0,0.00%
2012-09-28,0,0,0,0,0.00%
2012-09-27,0,0,0,0,0.00%
2012-09-26,0,0,0,0,0.00%
2012-09-25,0,0,0,0,0.00%
2012-09-24,0,0,0,0,0.00%
2012-09-21,0,0,0,0,0.00%
2012-09-20,0,0,0,0,0.00%
2012-09-19,0,0,0,0,0.00%
2012-09-18,0,0,0,0,0.00%
2012-09-17,0,0,0,0,0.00%
2012-09-14,0,0,0,0,0.00%
2012-09-13,0,0,0,0,0.00%
2012-09-12,0,0,0,0,0.00%
2012-09-11,0,0,0,0,0.00%
2012-09-10,0,0,0,0,0.00%
2012-09-07,0,0,0,0,0.00%
2012-09-06,0,0,0,0,0.00%
2012-09-05,0,0,0,0,0.00%
2012-09-04,0,0,0,0,0.00%
2012-09-03,0,0,0,0,0.00%
2012-08-31,0,0,0,0,0.00%
2012-08-30,0,0,0,0,0.00%
2012-08-29,0,0,0,0,0.00%
2012-08-28,0,0,0,0,0.00%
2012-08-27,0,0,0,0,0.00%
2012-08-24,0,0,0,0,0.00%
2012-08-23,0,0,0,0,0.00%
2012-08-22,0,0,0,0,0.00%
2012-08-21,0,0,0,0,0.00%
2012-08-20,0,0,0,0,0.00%
2012-08-17,0,0,0,0,0.00%
2012-08-16,0,0,0,0,0.00%
2012-08-15,0,0,0,0,0.00%
2012-08-14,0,0,0,0,0.00%
2012-08-13,0,0,0,0,0.00%
2012-08-10,0,0,0,0,0.00%
2012-08-09,0,0,0,0,0.00%
2012-08-08,0,0,0,0,0.00%
2012-08-07,0,0,0,0,0.00%
2012-08-06,0,0,0,0,0.00%
2012-08-03,0,0,0,0,0.00%
2012-08-02,0,0,0,0,0.00%
2012-08-01,0,0,0,0,0.00%
2012-07-31,0,0,0,0,0.00%
2012-07-30,0,0,0,0,0.00%
2012-07-27,0,0,0,0,0.00%
2012-07-26,0,0,0,0,0.00%
2012-07-25,0,0,0,0,0.00%
2012-07-24,0,0,0,0,0.00%
2012-07-23,0,0,0,0,0.00%
2012-07-20,0,0,0,0,0.00%
2012-07-19,0,0,0,0,0.00%
2012-07-18,0,0,0,0,0.00%
2012-07-17,0,0,0,0,0.00%
2012-07-16,0,0,0,0,0.00%
2012-07-13,0,0,0,0,0.00%
2012-07-12,0,0,0,0,0.00%
2012-07-11,0,0,0,0,0.00%
2012-07-10,0,0,0,0,0.00%
2012-07-09,0,0,0,0,0.00%
2012-07-06,0,0,0,0,0.00%
2012-07-05,0,0,0,0,0.00%
2012-07-04,0,0,0,0,0.00%
2012-07-03,0,0,0,0,0.00%
2012-07-02,0,0,0,0,0.00%
2012-06-29,0,0,0,0,0.00%
2012-06-28,0,0,0,0,0.00%
2012-06-27,0,0,0,0,0.00%
2012-06-26,0,0,0,0,0.00%
2012-06-25,0,0,0,0,0.00%
2012-06-22,0,0,0,0,0.00%
2012-06-21,0,0,0,0,0.00%
2012-06-20,0,0,0,0,0.00%
2012-06-19,0,0,0,0,0.00%
2012-06-18,0,0,0,0,0.00%
2012-06-15,0,0,0,0,0.00%
2012-06-14,0,0,0,0,0.00%
2012-06-13,0,0,0,0,0.00%
2012-06-12,0,0,0,0,0.00%
2012-06-11,0,0,0,0,0.00%
2012-06-08,0,0,0,0,0.00%
2012-06-07,0,0,0,0,0.00%
2012-06-06,0,0,0,0,0.00%
2012-06-05,0,0,0,0,0.00%
2012-06-04,0,0,0,0,0.00%
2012-06-01,0,0,0,0,0.00%
2012-05-31,0,0,0,0,0.00%
2012-05-30,0,0,0,0,0.00%
2012-05-29,0,0,0,0,0.00%
2012-05-28,0,0,0,0,0.00%
2012-05-25,0,0,0,0,0.00%
2012-05-24,0,0,0,0,0.00%
2012-05-23,0,0,0,0,0.00%
2012-05-22,0,0,0,0,0.00%
2012-05-21,0,0,0,0,0.00%
2012-05-18,0,0,0,0,0.00%
2012-05-17,0,0,0,0,0.00%
2012-05-16,0,0,0,0,0.00%
2012-05-15,0,0,0,0,0.00%
2012-05-14,0,0,0,0,0.00%
2012-05-11,0,0,0,0,0.00%
2012-05-10,0,0,0,0,0.00%
2012-05-09,0,0,0,0,0.00%
2012-05-08,0,0,0,0,0.00%
2012-05-07,0,0,0,0,0.00%
2012-05-04,0,0,0,0,0.00%
2012-05-03,0,0,0,0,0.00%
2012-05-02,0,0,0,0,0.00%
2012-05-01,0,0,0,0,0.00%
2012-04-30,0,0,0,0,0.00%
2012-04-27,0,0,0,0,0.00%
2012-04-26,0,0,0,0,0.00%
2012-04-25,0,0,0,0,0.00%
2012-04-24,0,0,0,0,0.00%
2012-04-23,0,0,0,0,0.00%
2012-04-20,0,0,0,0,0.00%
2012-04-19,0,0,0,0,0.00%
2012-04-18,0,0,0,0,0.00%
2012-04-17,0,0,0,0,0.00%
2012-04-16,0,0,0,0,0.00%
2012-04-13,0,0,0,0,0.00%
2012-04-12,0,0,0,0,0.00%
2012-04-11,0,0,0,0,0.00%
2012-04-10,0,0,0,0,0.00%
2012-04-09,0,0,0,0,0.00%
2012-04-06,0,0,0,0,0.00%
2012-04-05,0,0,0,0,0.00%
2012-04-04,0,0,0,0,0.00%
2012-04-03,0,0,0,0,0.00%
2012-04-02,0,0,0,0,0.00%
2012-03-30,0,0,0,0,0.00%
2012-03-29,0,0,0,0,0.00%
2012-03-28,0,0,0,0,0.00%
2012-03-27,0,0,0,0,0.00%
2012-03-26,0,0,0,0,0.00%
2012-03-23,0,0,0,0,0.00%
2012-03-22,0,0,0,0,0.00%
2012-03-21,0,0,0,0,0.00%
2012-03-20,0,0,0,0,0.00%
2012-03-19,0,0,0,0,0.00%
2012-03-16,0,0,0,0,0.00%
2012-03-15,0,0,0,0,0.00%
2012-03-14,0,0,0,0,0.00%
2012-03-13,0,0,0,0,0.00%
2012-03-12,0,0,0,0,0.00%
2012-03-09,0,0,0,0,0.00%
2012-03-08,0,0,0,0,0.00%
2012-03-07,0,0,0,0,0.00%
2012-03-06,0,0,0,0,0.00%
2012-03-05,0,0,0,0,0.00%
2012-03-02,0,0,0,0,0.00%
2012-03-01,0,0,0,0,0.00%
2012-02-29,0,0,0,0,0.00%
2012-02-28,0,0,0,0,0.00%
2012-02-27,0,0,0,0,0.00%
2012-02-24,0,0,0,0,0.00%
2012-02-23,0,0,0,0,0.00%
2012-02-22,0,0,0,0,0.00%
2012-02-21,0,0,0,0,0.00%
2012-02-20,0,0,0,0,0.00%
2012-02-17,0,0,0,0,0.00%
2012-02-16,0,0,0,0,0.00%
2012-02-15,0,0,0,0,0.00%
2012-02-14,0,0,0,0,0.00%
2012-02-13,0,0,0,0,0.00%
2012-02-10,0,0,0,0,0.00%
2012-02-09,0,0,0,0,0.00%
2012-02-08,0,0,0,0,0.00%
2012-02-07,0,0,0,0,0.00%
2012-02-06,0,0,0,0,0.00%
2012-02-03,0,0,0,0,0.00%
2012-02-02,0,0,0,0,0.00%
2012-02-01,0,0,0,0,0.00%
2012-01-31,0,0,0,0,0.00%
2012-01-30,0,0,0,0,0.00%
2012-01-27,0,0,0,0,0.00%
2012-01-26,0,0,0,0,0.00%
2012-01-25,0,0,0,0,0.00%
2012-01-24,0,0,0,0,0.00%
2012-01-23,0,0,0,0,0.00%
2012-01-20,0,0,0,0,0.00%
2012-01-19,0,0,0,0,0.00%
2012-01-18,0,0,0,0,0.00%
2012-01-17,0,0,0,0,0.00%
2012-01-16,0,0,0,0,0.00%
2012-01-13,0,0,0,0,0.00%
2012-01-12,0,0,0,0,0.00%
2012-01-11,0,0,0,0,0.00%
2012-01-10,0,0,0,0,0.00%
2012-01-09,0,0,0,0,0.00%
2012-01-06,0,0,0,0,0.00%
2012-01-05,0,0,0,0,0.00%
2012-01-04,0,0,0,0,0.00%
2012-01-03,0,0,0,0,0.00%
2012-01-02,0,0,0,0,0.00%
2011-12-30,0,0,0,0,0.00%
2011-12-29,0,0,0,0,0.00%
2011-12-28,0,0,0,0,0.00%
2011-12-27,0,0,0,0,0.00%
2011-12-26,0,0,0,0,0.00%
2011-12-23,0,0,0,0,0.00%
2011-12-22,0,0,0,0,0.00%
2011-12-21,0,0,0,0,0.00%
2011-12-20,0,0,0,0,0.00%
2011-12-19,0,0,0,0,0.00%
2011-12-16,0,0,0,0,0.00%
2011-12-15,0,0,0,0,0.00%
2011-12-14,0,0,0,0,0.00%
2011-12-13,0,0,0,0,0.00%
2011-12-12,0,0,0,0,0.00%
2011-12-09,0,0,0,0,0.00%
2011-12-08,0,0,0,0,0.00%
2011-12-07,0,0,0,0,0.00%
2011-12-06,0,0,0,0,0.00%
2011-12-05,0,0,0,0,0.00%
2011-12-02,0,0,0,0,0.00%
2011-12-01,0,0,0,0,0.00%
2011-11-30,0,0,0,0,0.00%
2011-11-29,0,0,0,0,0.00%
2011-11-28,0,0,0,0,0.00%
2011-11-25,0,0,0,0,0.00%
2011-11-24,0,0,0,0,0.00%
2011-11-23,0,0,0,0,0.00%
2011-11-22,0,0,0,0,0.00%
2011-11-21,0,0,0,0,0.00%
2011-11-18,0,0,0,0,0.00%
2011-11-17,0,0,0,0,0.00%
2011-11-16,0,0,0,0,0.00%
2011-11-15,0,0,0,0,0.00%
2011-11-14,0,0,0,0,0.00%
2011-11-11,0,0,0,0,0.00%
2011-11-10,0,0,0,0,0.00%
2011-11-09,0,0,0,0,0.00%
2011-11-08,0,0,0,0,0.00%
2011-11-07,0,0,0,0,0.00%